variant,
oil,
snf,
soy,
tvp,
oat,
wpc,
dha,
egg,
hvp,
tea,
fig,
bht,
fos,
rye,
tvp,
palm,
oils,
salt,
sait,
salz,
date,
milk,
milk,
ragi,
mint,
soya,
urad,
zinc,
oats,
hing,
peas,
milk,
whey,
amra,
พริก,
curd,
dahi,
ghee,
lime,
mace,
monk,
okra,
plum,
rice,
paua,
poha,
sago,
rava,
salt,
tbhq,
atta,
figs,
balm,
bran,
kale,
khoa,
carot,
cream,
dates,
maida,
mango,
dairy,
khoya,
bajra,
jowar,
pista,
sugar,
sucre,
đường,
kakvi,
wafer,
wheat,
kesar,
mater,
yeast,
apple,
basil,
tulsi,
beans,
besan,
chana,
clove,
cocoa,
cumin,
jeera,
moong,
guava,
honey,
leeks,
lemon,
dairy,
salts,
onion,
sooji,
wheat,
supar,
thyme,
water,
brine,
l-hpc,
lupin,
musli,
oxide,
pipal,
spelt,
carrot,
turnip,
cashew,
garlic,
ginger,
sunthi,
amchur,
millet,
quinoa,
saamai,
nachni,
fudina,
raisin,
sesame,
soynut,
stevia,
sugars,
zucker,
mishri,
waffle,
almond,
citric,
dhania,
safron,
fennel,
ajwain,
ajowan,
coffee,
banana,
barley,
biotin,
pepper,
brahmi,
butter,
celery,
cheese,
paneer,
cheese,
chilli,
chilli,
cloves,
khobra,
yogurt,
iodate,
lentil,
masoor,
casein,
niacin,
nutmeg,
onions,
tomate,
pepper,
potato,
quinoa,
radish,
tomato,
anjeer,
valine,
chakka,
chhena,
chikoo,
chikoo,
chirva,
chives,
chives,
citron,
gluten,
lutein,
lysine,
pecans,
pomelo,
yogurt,
alm oil,
sal fat,
carrots,
cashews,
com oil,
mangoes,
amchoor,
millets,
menthol,
paprika,
raisins,
til oil,
soynuts,
sucrose,
jaggery,
glucose,
vinegar,
almonds,
mandeln,
tumeric,
saffron,
om seed,
aniseed,
apricot,
maricha,
milkfat,
cow fat,
cabbage,
chicory,
coconut,
cow fat,
yoghurt,
dextrin,
ins 631,
amylase,
beeswax,
kalonji,
lactose,
lentils,
mulethi,
pippali,
menthol,
moringa,
shitake,
shitaki,
mustard,
shallot,
oregano,
parsley,
soybean,
spinach,
anistar,
tapioca,
taurine,
thiamin,
trifala,
vannila,
vit. d2,
alcohol,
ammonia,
lactase,
leucine,
catechu,
cucumis,
isabgol,
fox nut,
foxnuts,
gongura,
isomalt,
pumpkin,
nannari,
ins 941,
ins 999,
xylitol,
yoghurt,
palm oil,
paim oil,
palm fat,
sea salt,
yellow 6,
corn oil,
costarch,
hazelnut,
milk snf,
soy nuts,
soyabean,
soybeans,
sharkara,
dextrose,
fructose,
levulose,
urad dal,
turmeric,
maltitol,
cow milk,
raw milk,
cultures,
allspice,
bay leaf,
gram dal,
d-biotin,
thippili,
milk fat,
chillies,
cinnamon,
cinnamom,
cow milk,
cake gel,
glycerin,
cardamom,
moongdal,
guar gum,
hibiscus,
inositol,
lecithin,
lycopene,
molasses,
navsadar,
toor dal,
potatoes,
rosemary,
semolina,
sesbania,
ins 420i,
sulphite,
tamarind,
tartaric,
tomatoes,
vanillin,
ro water,
arginine,
betelnut,
cherries,
chloride,
digezyme,
protease,
fox nuts,
gum base,
haritaki,
jalapeno,
khorasan,
l-lysine,
mulberry,
nitrogen,
vallarai,
xylanase,
palmolein,
palmolien,
vanaspati,
kalanamak,
rock salt,
cornflour,
hazelnuts,
magnesium,
dry mango,
raw mango,
mint oils,
pistachio,
soya grit,
soyabeans,
soya four,
khandsari,
sugarcane,
d-glucose,
urid dhal,
orid dhal,
vitamin a,
flax seed,
oat flour,
asafetida,
fenugreek,
coriander,
green pea,
skim milk,
algal oil,
aspartame,
bael pulp,
bayleaves,
chana dal,
gram dhal,
gram meal,
bhringraj,
black tea,
butterfat,
chickpeas,
red chili,
clove bud,
cranberry,
vegan dha,
egg white,
desi ghee,
glycerine,
red grape,
moong dal,
green tea,
ice cream,
dew beans,
naushadar,
tree nuts,
olive oil,
toor dhal,
pineapple,
plum pulp,
potassium,
rice meal,
rice rava,
rice flex,
idli rava,
staranise,
sucralose,
sulphites,
vitamin d,
dried fig,
ash gourd,
bibhitaki,
buckwheat,
catechins,
chlorella,
dry fruit,
proteases,
glutamine,
goat meat,
horsegram,
idli rava,
jackfruit,
jalapenos,
margarine,
spirulina,
threonine,
palm olein,
edible oil,
black salt,
cashew nut,
riboflavin,
vitamin b2,
milk cream,
sour cream,
date paste,
date syrup,
folic acid,
dry ginger,
corn syrup,
l-camitine,
wheatflour,
mango bits,
mango pulp,
smp powder,
milk solid,
milksolids,
ragi flour,
dried mint,
dry pudina,
mint puree,
peppermint,
pistachios,
white till,
sesame oil,
soy flakes,
soya seeds,
soya flour,
strawberry,
cane sugar,
palm sugar,
desi khand,
black gram,
vitamins a,
wafer cone,
m.p. wheat,
wheat bran,
zinc oxide,
flax seeds,
badam bits,
oats flour,
curry leaf,
asafoetida,
ennel seed,
green peas,
toned milk,
sweet whey,
a2 protein,
rama tulsi,
vana tulsi,
bay leaves,
gram flour,
split gram,
gram grits,
gram pulse,
whole gram,
black rice,
brown rice,
chia seeds,
chick peas,
red chilli,
red chilly,
cocoa mass,
cocoa nibs,
cumin seed,
edible gum,
gum arabic,
gum acacia,
acacia gum,
emulsifier,
emulsfying,
emuslifier,
sodium img,
grape pulp,
green gram,
mung beans,
moong bean,
guava pulp,
jamun pulp,
papad khar,
lime juice,
malic acid,
monk fruit,
moth flour,
niger seed,
nut pieces,
nuts paste,
palm sugar,
peach pulp,
pigeon pea,
poppy seed,
vitamin b6,
rice flour,
rice grits,
brown rice,
black rice,
white poha,
rice floor,
nylon poha,
rose petal,
rose water,
bansi rawa,
idly ravva,
soya sauce,
star anise,
tea leaves,
vitamins d,
vitamin d2,
vitamin d3,
watermelon,
aavarampoo,
l-arginine,
barramundi,
cloudifier,
sandalwood,
methionine,
eucalyptol,
gellan gum,
goji berry,
idly ravva,
l-theanine,
mayonnaise,
mct powder,
molybdenum,
phosphorus,
wheatgrass,
red salmon,
palm kernel,
shea butter,
refined oil,
common salt,
edible salt,
sodium salt,
batter salt,
loaded salt,
smoked salt,
carrot bits,
cashew nuts,
red 40 lake,
blue 1 lake,
blue 2 lake,
corn starch,
date powder,
l-carnitine,
wheat flour,
mango puree,
dried mango,
mango juice,
milk powder,
milk solids,
kodo millet,
bajra flour,
mint leaves,
sesame seed,
soya flakes,
soybean oil,
added sugar,
brown sugar,
sugar syrup,
white sugar,
wheat cream,
rolled oats,
baking soda,
citric acid,
xanthan gum,
orange pulp,
glazed peel,
citrus pulp,
fennel seed,
dried yeast,
whey powder,
acetic acid,
carom seeds,
bishop seed,
apple juice,
green apple,
ashwagandha,
banana pulp,
cassia leaf,
french bean,
bengal gram,
split grams,
gram pulses,
black cumin,
blueberries,
buffalo fat,
chicken fat,
green chili,
coco powder,
coconut fat,
coconut oil,
cranberries,
cumin seeds,
cumin whole,
jeera seeds,
gum arabica,
emulsifiers,
grape juice,
green apple,
moong beans,
guava juice,
guava puree,
lemon juice,
red lentils,
litchi pulp,
long pepper,
lotus seeds,
mace powder,
mustard oil,
nucleotides,
fried onion,
white onion,
pantothenol,
papaya pulp,
pea protein,
peach juice,
pomegranate,
potato flex,
raspberries,
resveratrol,
rice powder,
rice flakes,
puffed rice,
sago powder,
instant tea,
vitamin b12,
amino acids,
edible bran,
citharathai,
l-glutamine,
sadhakuppai,
silver leaf,
iodised salt,
iodized salt,
lodised salt,
lodized salt,
carrot puree,
color red 40,
color blue 1,
maize starch,
dates powder,
fresh garlic,
dried garlic,
garlic paste,
fresh ginger,
dried ginger,
ginger paste,
ginger whole,
wheat powder,
mango solids,
mango powder,
samai flakes,
bajra flakes,
bajra powder,
whole jawari,
pist extract,
sesame seeds,
defatted soy,
soyabean oil,
soya protein,
added sugars,
sugar powder,
invert sugar,
invert sugar,
invert syrup,
golden syrup,
wheat flakes,
malted wheat,
wheat gluten,
vital gluten,
almond flour,
almond paste,
diphosphates,
instant oats,
curry leaves,
kasuri methi,
orange juice,
orange peels,
fennel seeds,
skimmed milk,
buffalo milk,
torula yeast,
whey protein,
acesulfame k,
carrom seeds,
ajwai powder,
talc ins 553,
apricot pulp,
coffee beans,
aronia berry,
banana juice,
banana puree,
barley flour,
tulsi leaves,
basmati rice,
french beans,
cluster bean,
roasted gram,
black pepper,
buffalo meat,
white butter,
butter cream,
beurre fondu,
malt extract,
paneer dices,
chicken bits,
chicken meat,
chicory root,
chili powder,
green chilli,
green chilly,
red chillies,
chili powder,
white chilli,
clove powder,
cloves whole,
whole cloves,
cocoa powder,
cocoa solids,
cocoa butter,
cumin powder,
jeera powder,
ground cumin,
cuminextract,
electrolytes,
carnauba wax,
kalonji seed,
soy lecithin,
lemon powder,
maltodextrin,
milk protein,
nicotinamide,
onion powder,
onion flakes,
spring onion,
papaya puree,
rapeseed oil,
basmati rice,
malt extract,
roasted poha,
maltodextrin,
stearic acid,
tangy tomato,
tomato paste,
white pepper,
whole grains,
athimathuram,
berries pulp,
bhut jolokia,
fish gelatin,
calcium salt,
green chives,
citrus fiber,
citrus fibre,
sweet potato,
ferrous salt,
fumaric acid,
lutein color,
l-lysine hcl,
methocel k4m,
nata de coco,
palm stearin,
stone flower,
palmolein oil,
palmolien oil,
vegetable fat,
vegetable oil,
sauncharnamak,
carrot powder,
carrot flakes,
cashew pieces,
whole cashews,
color ins 102,
yellow 5 lake,
color ins 110,
yellow 6 lake,
caramel color,
color annatto,
color ins 100,
color ins 162,
color ins 163,
color ins 171,
color ins 141,
color ins 160,
beta-carotene,
color ins 129,
color ins 133,
color ins 132,
color ins 127,
color ins 124,
color ins 122,
color ins 101,
garlic powder,
ginger powder,
glucose syrup,
maltose syrup,
refined flour,
amchur powder,
millet flakes,
little millet,
finger millet,
rice bran oil,
soya granules,
defatted soya,
soya bean oil,
refined sugar,
coconut sugar,
sunflower oil,
wafer biscuit,
zinc sulphate,
almond pieces,
whole almonds,
orange powder,
fennel powder,
yeast extract,
whey proteins,
whey peptides,
latic culture,
ajwair powder,
bishop's seed,
bishop's weed,
apricot juice,
arabica beans,
robusta beans,
baking powder,
banana powder,
malted barley,
tulsi extract,
krishna tulsi,
cassia leaves,
pepper powder,
cellulose gum,
cellulose gum,
paneer cheese,
cheese powder,
chilli powder,
chilli flakes,
green chilies,
mild jalapeño,
yellow chilli,
cinnamon bark,
clover powder,
cloves powder,
cacao en pâte,
shveta jiraka,
cumin extract,
yogurt powder,
wheat dextrin,
mineral salts,
cardamom seed,
greengram dal,
groundnut oil,
blossom honey,
alkaline salt,
soya lecithin,
black lentils,
milk products,
dairy product,
rennet casein,
mineral salts,
mustard seeds,
mustard whole,
nutmeg powder,
dried oregano,
passion fruit,
phenylalaline,
potato flakes,
potato powder,
potato sticks,
pumpkin seeds,
puffed quinoa,
rice crispies,
spinach paste,
spinach puree,
tamarind pulp,
tartaric acid,
tomato powder,
french tomato,
treated water,
ethyl alcohol,
dl methionine,
dl-methionine,
psyllium husk,
hemicellulase,
yogurt powder,
mackerel fish,
cod liver oil,
vegetable fats,
vegetable oils,
grated carrots,
yellow 5 color,
yellow 6 color,
color ins 150a,
color ins 150c,
color ins 150d,
caramel powder,
color ins 160b,
color ins 160c,
colour ins 100,
color ins 163c,
color ins 160a,
color ins e122,
cultured cream,
ginger extract,
liquid glucose,
hazelnut paste,
haselnusspaste,
alphonso mango,
foxtail millet,
barnyard flour,
pistachio nuts,
powdered sugar,
refined sugars,
jaggery powder,
glucose powder,
urad dal flour,
udad dal flour,
black gram dal,
wheat crispies,
zinc gluconate,
almonds pieces,
acid regulator,
sodium acetate,
coriander seed,
orange extract,
tumeric powder,
turmeric whole,
snf toned milk,
active culture,
s thermophilus,
s.thermophilus,
aloe vera bits,
aniseed powder,
instant coffee,
soluble coffee,
coffee extract,
chickpea flour,
split chickpea,
black cardamom,
brown cardamom,
large cardamom,
cooking butter,
cereal extract,
cottage cheese,
cheddar cheese,
paneer protein,
dry red chilli,
green chillies,
chilli extract,
cinnamon whole,
pasta di cacao,
coconut powder,
grated coconut,
condensed milk,
cottonseed oil,
cranberry pulp,
cucumber seeds,
yoghurt powder,
cyanocobalamin,
dairy whitener,
ergocalciferol,
flour improver,
green cardamom,
cardamom whole,
small cardamom,
moon dal flour,
lentil protein,
moth dal flour,
mustard leaves,
organic nutmeg,
parsley leaves,
sherwan pepper,
split red gram,
red gram split,
redgram splits,
pineapple pulp,
wheat semolina,
sodium citrate,
sorbitol syrup,
spinach powder,
tapioca starch,
vanila extract,
vanilleschoten,
filtered water,
resultant atta,
l-arginine hcl,
basa pangasius,
bovine gelatin,
datem ins 472e,
dried bok choy,
hadjod extract,
jackfruit pulp,
yellow pumpkin,
color ins 161g,
macaroni pasta,
walnut inshell,
water caltrope,
yoghurt powder,
palm kernel oil,
palm kernel fat,
palm superolein,
sodium chloride,
color ins 100 i,
allura red lake,
modified starch,
hazelnut pieces,
magnesium oxide,
vollmilchpulver,
full cream milk,
mint flavouring,
sodium selenite,
sodium selenate,
sweetener 960 a,
strawberry pulp,
sprinkled sugar,
sugarcane juice,
fructose powder,
retinyl acetate,
roasted almonds,
fenugreek seeds,
coriander seeds,
coriander whole,
coriander puree,
turmeric powder,
turmeris powder,
saffron threads,
dehydrated peas,
a2 cow milk fat,
aloe vera juice,
silicon dioxide,
apricot kernels,
bengal gram dal,
chickpeas flour,
assam black tea,
kashmiri chilli,
red chilli bits,
cholecalciferol,
cinnamon leaves,
cinnamon powder,
copper sulphate,
cupric sulphate,
emulsifier pgpr,
enzyme ins 1100,
improver enzyme,
cardamom powder,
split moong dal,
split mung bean,
moong dal flour,
hyaluronic acid,
carrier lactose,
lime flavouring,
milk components,
milk flavouring,
micellar casein,
moringa extract,
moth bean flour,
dew beans flour,
husked dew gram,
oyster mushroom,
schezwan pepper,
pineapple juice,
anardana powder,
mineral ins 224,
mineral ins 202,
red rice flakes,
rose flavouring,
roasted seaweed,
silicon dioxide,
sodium benzoate,
stinging nettle,
sunflower seeds,
tamarind powder,
triphala powder,
vanilla extract,
distilled water,
sparkling water,
gelatin ins 428,
buckwheat flour,
enzyme ins 1104,
protease enzyme,
psyllium powder,
guduchi extract,
phosphoric acid,
precooked pasta,
salmon fish oil,
refined palm oil,
fractionated fat,
caramel ins 150c,
annatto ins 160b,
annatto extracts,
paprika extracts,
curcumin ins 100,
beet red ins 162,
titanium dioxide,
artificial color,
wet dates zahldi,
nocciole turchia,
magnesium malate,
fine wheat flour,
wheat flour iron,
dry mango powder,
mango flavouring,
dried whole milk,
magermilchpulver,
mint leaf powder,
pistachio pieces,
pista flavouring,
refined soya oil,
strawberry fruit,
strawberry puree,
strawberry juice,
granulated sugar,
split black gram,
sunflower gluten,
flax seed powder,
badam flavouring,
fenugreek leaves,
fenugreek powder,
coriander powder,
coriander leaves,
coniander powder,
kesar flavouring,
calcium silicate,
apple flavouring,
arrowroot powder,
chick peas flour,
split chick peas,
black tea leaves,
assam tea leaves,
butter from milk,
microbial rennet,
pasteurized milk,
processed cheese,
red chili powder,
red chilli whole,
choline chloride,
diluent ins 1520,
egg white powder,
ferrous sulphate,
clarified butter,
split green gram,
green tea leaves,
guava flavouring,
honey flavouring,
jamun flavouring,
kewra flavouring,
lactobilus casei,
lemon flavouring,
dairy flavouring,
onion flavouring,
dehydrated onion,
pantothenic acid,
potassium iodate,
potassium iodide,
gulab flavouring,
rosemary extract,
sodium molybdate,
soy sauce powder,
star anise seeds,
watermelon seeds,
blackberry puree,
sodium caseinate,
cultured glucose,
improver ins 472,
gajar flavouring,
microbial enzyme,
ferrous fumarate,
glucuronolactone,
quillaja extract,
sourdough powder,
sardine fish oil,
refined palmolein,
bakery shortening,
hydrogenated oils,
sauvarchalalavana,
dehydrated carrot,
carrot flavouring,
color ins 160b ii,
chlorophyll color,
color ins 160a ii,
allura red ac 129,
color fd&c red 40,
color blue 1 lake,
color blue 2 lake,
artificial colors,
dehydrated garlic,
garlic flavouring,
corn syrup solids,
candy sugar syrup,
pasta di nocciole,
purée de noisette,
roasted hazelnuts,
haselnüsse türkei,
noisettes turquie,
magnesium sulfate,
magnesium taurate,
whole milk powder,
camel milk powder,
standardised milk,
pudina flavouring,
soya bean extract,
steviol glycoside,
sweetener ins 960,
strawberry powder,
candy sugar syrup,
husked black gram,
distilled vinegar,
synthetic vinegar,
vitamin a acetate,
retinyl palmitate,
flax seed extract,
almond flavouring,
acidity regulator,
coagulant ins 575,
calcium phosphate,
humectant ins 451,
humectant ins 452,
sodium phosphates,
calcium carbonate,
asafoetida powder,
stabilizer ns 415,
thickener ins 415,
coriander extract,
citrus pulp cells,
orange pulp cells,
orange flavouring,
turmeric extracts,
double toned milk,
standardised milk,
standardized milk,
sweetener ins 950,
antifoaming agent,
anticaking agents,
coffee flavouring,
dry cassia leaves,
bengal gram flour,
bengal gram grits,
split bengal gram,
black pepper bits,
thickener ins 466,
red chilli flakes,
red chilli powder,
red chilly flakes,
red chilly powder,
chromium chloride,
citrus pulp cells,
orange pulp cells,
candied cranberry,
thickener ins 414,
cake gel ins 470a,
thickener ins 508,
improver ins 1100,
improver ins 1102,
improver ins 1104,
humectant ins 422,
green gram flakes,
husked green gram,
whole green moong,
moong dal protein,
green tea extract,
thickener ins 412,
electrolytic iron,
dehydrated kachri,
soyabean lecithin,
litchi flavouring,
acidulant ins 296,
corn maltodextrin,
manganese citrate,
origanum majorana,
thickener ins 440,
stabilizer pectin,
pomegranate juice,
pomegranate seeds,
potassium sorbate,
star anise powder,
sweetener ins 955,
vegetable protein,
vitamin b complex,
ro-purified water,
whole wheat flour,
whole wheat flour,
black truffle oil,
calcium caseinate,
cantaloupe powder,
ferrous gluconate,
trans fatty acids,
pueraria tuberosa,
pullulan ins 1204,
red currant dices,
red currant puree,
sunflower creamer,
thaumatin ins 957,
wheatgrass powder,
improver xylanase,
sauvarchala lavana,
common edible salt,
edible common salt,
color ins 160a iii,
edible maze starch,
thickener ins 1422,
thickener ins 1405,
thickener ins 1412,
thickener ins 1442,
thickener ins 1401,
thickener ins 1440,
sweet cream powder,
high maltose syrup,
salts of magnesium,
magnesium stearate,
magnesium sulphate,
magnesium chloride,
dried mango powder,
mango fruit powder,
mango juice powder,
dried mango slices,
dried skimmed milk,
whole grain saamai,
sweetener ins 960a,
sweetener ins e960,
dextrose anhydrous,
invert sugar syrup,
split black lentil,
sushi rice vinegar,
acidity regulators,
stabilizer ins 450,
texturizer ins 451,
emulsifier ins 452,
stabilizer ins 452,
stabilizer ins 339,
stabilizer ins 340,
raising agents 341,
stabilizer ins 341,
stabilizer ins 170,
sodium bicarbonate,
citric acid powder,
emulsifier ins 415,
stabilizer ins 415,
dhaniya distillate,
orange peel powder,
saffron flavouring,
maltitol ins 965 i,
proteins from whey,
whole ajwain seeds,
carom seeds powder,
emulsifier ins 442,
krishna tulsi leaf,
tulsi leaf extract,
sella basmati rice,
white basmati rice,
roasted split gram,
black pepper whole,
dried blackcurrant,
clarified milk fat,
stabilizer ins 466,
stabilizer ins 460,
green chilli paste,
green chilli puree,
kashmiri lal mirch,
dried green chilli,
coconut components,
desiccated coconut,
cumin seeds powder,
disodium guanylate,
flavouring ins 627,
disodium inosinate,
flavouring ins 631,
acacia gum ins 414,
emulsifier ins 414,
stabilizer ins 414,
emulsifier ins 400,
emulsifier ins 429,
emulsifier ins 436,
emulsifier ins 478,
emulsifier ins 479,
emulsifier ins 481,
stabilizer ins 400,
stabilizer ins 436,
stabilizer ins 481,
emulsifier ins 491,
stabilizer ins 491,
emulsifier ins 433,
stabilizer ins 433,
emulsifier ins 475,
stabilizer ins 475,
emulsifier ins 476,
emulsifier ins 477,
stabilizer ins 477,
emulsifier ins 492,
stabilizer ins 508,
potassium chloride,
stabilizer ins 516,
milk fat desi ghee,
humectant glycerol,
emulsifier ins 445,
stabilizer ins 445,
grape seed extract,
elaichi flavouring,
green chilka moong,
stabilizer ins 412,
khar alkaline salt,
sunflower lecithin,
emulsifier ins 322,
stabilizer ins 322,
lemon juice powder,
lemon fruit powder,
long pepper powder,
malic acid ins 296,
wheat maltodextrin,
manganese sulphate,
milk solids casein,
monk fruit extract,
emulsifier ins 471,
stabilizer ins 471,
dehydrated parsley,
emulsifier ins 440,
stabilizer ins 440,
stabilizer ins 435,
pomegranate powder,
pomegranate flower,
bacillus coagulans,
flattened red rice,
safflower seed oil,
stabilizer ins 401,
stabilizer ins 331,
emulsifier ins 420,
dehydrated spinach,
stabilizer ins 444,
stabilizer ins 417,
stabilizer ins 337,
vanilla flavouring,
bacche di vaniglia,
gousses de vanille,
vanilla flavouring,
vamilla flavouring,
ammonium hydroxide,
basa pangasius sp.,
custard flavouring,
stabilizer ins 472,
khus roots extract,
distillate of khas,
distillate of khus,
stabilizer ins 418,
stabilizer ins 406,
glutamine peptides,
munakka flavouring,
munakka distillate,
propellant ins 941,
tulsi leaf extract,
cod liver fish oil,
vegetable fats shea,
himalayan pink salt,
food color ins 150d,
annatto ins 160b ii,
vitamins vitamin b2,
stabilizer ins 1422,
emulsifier ins 1450,
stabilizer ins 1450,
stabilizer ins 1400,
stabilizer ins 1404,
tropical flavouring,
organic ginger root,
dried ginger powder,
dried glucose syrup,
hazelnut flavouring,
magnesium aspartate,
magnesium carbonate,
magnesium gluconate,
magnesium hydroxide,
magnesium threonate,
refined wheat flour,
alphonso mango pulp,
skimmed milk powder,
coconut milk powder,
defatted soya flour,
soya flour defatted,
soy protein isolate,
rawberry flavouring,
sunflower fruit oil,
vitamin a palmitate,
vital wheat protein,
aregulators ins 341,
humectant ins 451 i,
sequestrant ins 451,
sequestrant ins 452,
potassium carbonate,
magnesium carbonate,
antioxidant ins 330,
organic fennel seed,
partly skimmed milk,
acetic acid ins 260,
malted barley flour,
basmati rice grains,
cluster bean powder,
big cardamom powder,
black pepper powder,
butterscotch pieces,
cauliflower florets,
malt extract solids,
green chilli flakes,
roasted cumin seeds,
emulsifier ins 4806,
stabilizer ins 4806,
stabilizer ins 1202,
emulsifier tween 80,
confectioners glaze,
cardamom flavouring,
stabilizer guar gum,
emulsifier lecithin,
sunflower lecithins,
candied lemon peels,
whole dew bean moth,
parsley leaf powder,
pea protein isolate,
stabilizer ins e440,
sichuan pepper corn,
stabilizer ins 1201,
flattened rice poha,
rosemary flavouring,
sequestrant ins 385,
antioxidant ins 386,
stabilizer tara gum,
vanillin flavouring,
white pepper powder,
asparagus recemosus,
sweet potato starch,
emulsifier ins 4726,
emulsifier ins 472b,
emulsifier ins 472c,
dioscores bulbifera,
distillate of gajar,
distillate of kasni,
stabilizer ins 1102,
stabilizer ins 1505,
stabilizer ins 1204,
vegetable shortening,
edible vegetable fat,
edible vegetable oil,
edible vegeteble oil,
raw mango flavouring,
milkotin milk solids,
foxtail millet flour,
sorghum millet flour,
pistachio flavouring,
refined ricebran oil,
refined soyabean oil,
soya protein isolate,
inverter sugar syrup,
rising agent ins 575,
texturizer ins 451 i,
sodium polyphosphate,
emulsifier ins 452 i,
stabilizer ins 452 i,
potassium phosphates,
preservative ins 341,
ammonium bicarbonate,
rising agent ins 503,
potassium carbonates,
stabilizer ins 170 i,
compounded asafetida,
yeast extract powder,
petit-lait en poudre,
acesulfame potassium,
dahi starter culture,
lactic acid ferments,
enzyme alpha amylase,
coffee beans arabica,
coffee beans robusta,
chickpea flour besan,
large cardamom whole,
blueberry flavouring,
emulsifier ins 460 i,
stabilizer ins 460 i,
cottage cheese chena,
chocolate flavouring,
cranberry flavouring,
roasted cumin powder,
thickener acacia gum,
sorbitan tristearate,
ferric pyrophosphate,
monosodium glutamate,
confectioner's glaze,
pharmaceutical glaze,
split chickpea flour,
green tea flavouring,
emulsifier lecithins,
split yellow lentils,
roasted mustard seed,
toasted onion flakes,
toasted onion powder,
vitamins pantothenol,
pineapple flavouring,
preservative ins 212,
preservative ins 224,
preservative ins 202,
pyridoxine hydroxide,
glutinous rice flour,
preservative ins 211,
preservative ins 200,
humectant ins 420 ii,
thiamine mononitrate,
thiamin hydrohloride,
thiamine mononitrate,
processed gooseberry,
vitamins vitamin b12,
bubblegum flavouring,
creatine monohydrate,
emulsifier ins 472 e,
psyllium husk powder,
thickener gellan gum,
guarana seed extract,
water chestnut flour,
refined palmolein oil,
hydrogenated palm oil,
hydrogenated palm fat,
edible vegetable fats,
refined vegetable oil,
annatto extract color,
color paprika extract,
curcumin color ins 10,
synthetic food colors,
color vegetable juice,
modified maize starch,
modified starch maize,
roasted garlic flakes,
lait ecreme en poudre,
lait entier en poudre,
refined rice bran oil,
strawberry flavouring,
refined sunflower oil,
acidity regulator ins,
acidity regulators ns,
raising agent ins 341,
emulsifier ins 339iii,
stabilizer ins 339 ii,
dipotassium phosphate,
firming agent ins 341,
raising agent ins 503,
potassium bicarbonate,
compounded asafoetida,
asafootida flavouring,
raising agent ins 500,
fenugreek leaf powder,
thickener xanthan gum,
caramel color ins 415,
coriander seed powder,
haldi turmeric powder,
pasturised toned milk,
pasteurised amul milk,
active lactic culture,
live bacteria culture,
ammonium phosphatides,
soluble coffee powder,
artificial flavouring,
black cardamom powder,
large cardamom powder,
indian cottage cheese,
paneer cottage cheese,
romano cheese enzymes,
cucumber seed ins 396,
stabilizer gum arabic,
sorbitean tristearate,
mono sodium glutamate,
gelling agent ins 508,
ghee clarified butter,
glazing agent ins 903,
glazing agent ins 901,
glazing agent ins 904,
green cardamom powder,
refined groundnut oil,
emulsifiers lecithins,
soya lecithin ins 322,
nimbu pani flavouring,
mono and diglycerides,
mono-and diglycerides,
roasted mustard seeds,
gelling agent ins 440,
sichuan pepper powder,
soya sauce flavouring,
antioxidant vitamin d,
vapor distilled water,
reverse osmosis water,
acai berry flavouring,
black truffle extract,
capsule shell ins 428,
croscarmellose sodium,
cultured sweet potato,
enzyme blend digezyme,
fructooligosaccharide,
stabilizer gellan gum,
saturated fatty acids,
shankhapushpi extract,
hydrogenated table oil,
dehydrated carrot bits,
caramel color ins 150a,
color caramel ins 150a,
color paprika ins 160c,
color turmeric extract,
color fd&c red 40 lake,
dehydrated garlic bits,
organic ginger rhizome,
magnesium bisglycinate,
split black gram flour,
filtered flax seed oil,
sodium acetate ins 262,
stabilizer ins 450 iii,
raising agent ins 3410,
raising agent ins 5030,
raising agent ins 500i,
dried fenugreek leaves,
stabilizer xanthan gum,
dried coriander leaves,
ground coriander seeds,
pasteurised toned milk,
standardized milk curd,
active lactic cultures,
antifoaming agent dmps,
potassium ferrocyanide,
bifidobacterium lactis,
marinated paneer dices,
cacao magro in polvere,
cacao maigre en poudre,
condensed skimmed milk,
refined cottonseed oil,
wheat improver ins 510,
wheat improver ins 923,
glazing agent carnauba,
kiwi juice concentrate,
emulsifier soy ins 322,
onion flavouring agent,
proabsor8 blend papain,
gelling agent ins 4401,
pomegranate flavouring,
potato flakes potatoes,
reducing agent ins 223,
wheat improver ins 923,
shatavari root extract,
enzyme b-galactosidase,
b-galactosidase enzyme,
ultrasorb tech lactase,
cysteine hydrochloride,
distillate of gaozaban,
fructo-oligosaccharide,
fructo-oligosaccharide,
fructo oligosaccharide,
fructooligosaccharides,
l-lysine hydrochloride,
packaging gas nitrogen,
vegetable oil palmolein,
centre fractionated fat,
carrot flavouring agent,
modified starch tapioca,
starch acetate ins 1420,
mixed fruits flavouring,
vegetables garlic paste,
mango puree concentrate,
concentrated mango pulp,
vegetable oil rice bran,
steviol glycoside reb-a,
strawberry fruit powder,
vegetable oil sunflower,
leavening agent ins 341,
leavening agent ins 450,
sodium tripolyphosphate,
monopotassium phosphate,
leavening agent ins 500,
raising agent ins 500 i,
dehydrated orange juice,
reconstituted skim milk,
whey protein hydrolsate,
apple juice concentrate,
organic rama tulsi leaf,
organic vana tulsi leaf,
bifidobacterium bifidum,
black pepper flavouring,
butterscotch flavouring,
cocoa butter equivalent,
refined cotton seed oil,
cake emulsifier ins 491,
salt substitute ins 508,
flour treatment ins 510,
flour improver ins 1100,
wheat improver ins 1100,
flour improver ins 1101,
flour improver ins 1104,
flour treatment ins 923,
glycerol ester of rosin,
guava puree concentrate,
lactobacillus rhamnosus,
emulsifier soy lecithin,
lemon juice concentrate,
organic lemongrass leaf,
onion powder flavouring,
pomegranate seed powder,
bleaching agent ins 223,
flour treatment ins 923,
uv treated and ozonized,
black truffle seasoning,
food grade fish gelatin,
edible sodium caseinate,
hpmc vegetarian capsule,
cotton candy flavouring,
ferric ammonium citrate,
fructo-oligosaccharides,
omega concentrate blend,
sodium starch glycolate,
krishnalavana black salt,
modified starch ins 1404,
modified starch ins 1420,
modified starch ins 1440,
modified starch ins 1442,
pteroylmonoglutamic acid,
dehydrated garlic powder,
spice oleoresin gingerol,
masala flavouring ginger,
high fructose corn syrup,
anticaking agent ins 470,
anticaking agent ins 504,
concentrated milk solids,
soya protein hydrolysate,
sugar substitute ins 960,
high oleic sunflower oil,
anticaking agent ins 341,
emulsifying salt ins 341,
anticaking agent ins 503,
raising agent ins 500 ii,
acidifying agent ins 330,
orange juice concentrate,
skimmed milk concentrate,
whey protein concentrate,
acidifying agent ins 260,
acitifying agent ins 260,
anticaking agent ins 551,
anticaking agent ins 536,
anticaking agent ins 541,
anticaking agent ins 553,
concentrated apple juice,
organic chamomile flower,
pasteurized skimmed milk,
dried bark of cinnamomum,
fat-reduced cocoa powder,
vegetable oil cottonseed,
flavour enhancer ins 627,
flavour enhancer ins 631,
flavouring agent ins 631,
flavour enhancer ins 635,
binding agent gum acacia,
anticaking agent ins 414,
flavour enhancer ins 620,
flavour enhancer ins 621,
flavour enhancer ins 629,
flavour enhancer ins 630,
flavour enhancer ins 637,
flavour enhancer ins 508,
flour treatment ins 1100,
thickening agent ins 412,
concentrated jamun juice,
emulsifier soya lecithin,
emulsifier soya lecothin,
concentrated lemon juice,
milk protein concentrate,
dehydrated potato flakes,
pyridoxine hydrochloride,
sugar substitute ins 420,
ethylvanillin flavouring,
toasted watermelon seeds,
cherry juice concentrate,
emulsifying salt ins 341,
foam stabilizer ins 1505,
packaging gases nitrogen,
batter thickener ins 1412,
concentrated fruit juices,
chopped roasted hazelnuts,
anticaking agent ins 4700,
sodium selenite angydrate,
zinc sulphate monohydrate,
acidity regulator ins 261,
acidity regulator ins 262,
acidity regulator ins 290,
acidity regulator ins 394,
acidity regulator ins 524,
acidity regulator ins 525,
acidity regulator ins 575,
acidity regulator ins e30,
acidity regulator ins 338,
acidity regulator ins 341,
acidity regulator ins 451,
acidity regulator ins 339,
acidity regulator ins 340,
acidity regulator ins 503,
acidity regulator ins 504,
acidity regulator ins 501,
sodium hydrogen carbonate,
acidity regulator ins 500,
acidity regulator ins 330,
concentrated orange juice,
acidity regulator ins 260,
anticaking agent ins e551,
roasted and ground coffee,
roasted bengal gram flour,
desiccated coconut powder,
dehydrated coconut shreds,
coconut water concentrate,
flavour enhancer ins 6351,
stabilising agent ins 414,
flavour enhancer ins 1101,
ammonium chloride ins 510,
garcinia cambogia extract,
stabilising agent ins 445,
cardamom seeds flavouring,
emulsifying agent ins 412,
stabilizing agent ins 412,
hydrolysed ground protein,
acidity regulator ins 270,
lactobacillus acidophilus,
emulsifier soya lecithins,
emulsifier – lecithin soy,
mosambi juice concentrate,
acidity regulator ins 196,
acidity regulator ins 296,
stabilising agent ins 471,
stabilizing agent ins 471,
parsley powder flavouring,
stabilizing agent ins 440,
stabilizing agent ins 401,
acidity regulator ins 331,
stabilising agent ins 331,
acidity regulator ins 325,
acidity regulator ins 334,
ethyl vanillin flavouring,
vitamin d2 ergocalciferol,
enzyme beta galactosidase,
enzyme beta-galactosidase,
edible vegetable bran oil,
fava bean protein isolate,
lutein-zeaxanthin complex,
hydrogenated vegetable fat,
hydrogenated vegetable oil,
fractionated vegetable fat,
partially hydrogenated oil,
magnesium stearate ins 470,
magnesium sulphate ins 518,
fortified wheat flour iron,
centre filling milk solids,
preserved strawberry fruit,
refined sunflower seed oil,
roasted almonds flavouring,
tribasic calcium phosphate,
cake raising agent ins 341,
acidity regulator ins e330,
reconstituted skimmed milk,
acidity regulator ins e260,
streptococcus thermophilus,
lacto-bacillus acidophilus,
antifoaming agent ins 900a,
brown rice protein isolate,
kashmiri red chilli powder,
mathania red chilli powder,
husked dew moth bean flour,
acidity regulator ins e331,
panax ginseng root extract,
medium chain triglycerides,
medium chain-triglycerides,
phyllanthus niruri extract,
hydrogenated vegetable fats,
fractionated vegetable fats,
paprika oleoresin ins 160ci,
acetylated distarch adipate,
roasted spice powder ginger,
magnesium phosphate dibasic,
vitamin a retinyl palmitate,
tri basic calcium phosphate,
acidity regulator ins 501 i,
acidity regulator ins 500 i,
dehydrated fenugreek leaves,
dehydrated coriander leaves,
l.bacillus delbruecki subsp,
limosilactobacillus reuteri,
anti-foaming agent ins 900a,
green coffee extract powder,
stalkless kashmiri chillies,
mineral chromium picolinate,
cranberry juice concentrate,
emulsifier vegetable origin,
enzyme preparation ins 1100,
stabilizer guar gum ins 412,
roasted spice powder nutmeg,
pineapple juice concentrate,
pineapple fruit preparation,
bacillus coagulans snz 1969,
rosemary extract flavouring,
acidity regulator ins 350 1,
sucrose acetate isobutyrate,
enzyme preparation ins 1102,
enzyme preparation ins 1104,
sugar substitute erythritol,
evening primrose oil powder,
tangerine juice concentrate,
magnesium hydrogen phosphate,
fortified wheat flour niacin,
concentrated sugarcane juice,
anticaking agent ins 341 iii,
ammonium bicarbonate ins 503,
potassium hydrogen carbonate,
acidity regulator ins 500 ii,
acidifying agent acetic acid,
lacto - bacillus acidophilus,
roasted spice powder aniseed,
krishna tulsi ocimum sanctum,
edible vegetable oil coconut,
hydrolyzed vegetable protein,
hydrolysed vegetable protein,
hydrolyzed groundnut protein,
hydralyzed vegetable protein,
hydrolized vegetable protein,
hydrolysed groundnut protein,
neem azadirachta indica leaf,
probiotic bacillus coagulans,
preservative sodium benzoate,
acidity regulator ins 331 ii,
grapefruit juice concentrate,
edible vegetable oil palm oil,
interesterified vegetable fat,
edible vegetable fats sal fat,
edible vegetable oil corn oil,
fortified wheat flour thiamin,
afgani seedless black raisins,
texturised soy protein flakes,
glucono delta lactone ins 575,
acidity regulator citric acid,
emulsifier stabilizer ins 415,
citrus fruit from concentrate,
roasted spice powder turmeric,
vana tulsi ocimum gratissimum,
tulsi ocimum tenuiflorum leaf,
reconstituted buttermilk milk,
spice oleoresin cuminaldehyde,
polyvinylpyrrolidone ins 1202,
encapsulated ferrous sulphate,
flour treatment agent ins 516,
flour treatment agent ins 510,
flour treatment agent ins 223,
emulsifier sunflower lecithin,
dehydrated white onion powder,
pomegranate juice concentrate,
probiotics bacillus coagulans,
flour treatment agent ins 223,
brihati solanum indicum plant,
croscarmellose sodium ins 468,
gudmar gymnema sylvestre leaf,
jiwanti leptadenia reticulata,
medium chain triglyceride oil,
mudgaparni phaseolus trilobus,
polyvinylpyrrolidone ins 1202,
vidari pueraria tuberosa root,
tulsi ocimum tenuiflorum leaf,
edible vegetable oil palmolein,
edible vegetable oil palmolien,
edible vanaspati oil vanaspati,
mozzarella cheese lodized salt,
soya sauce powder lodized salt,
riboflavin 5'-phosphate sodium,
fortified wheat flour thiamine,
mango flavouring confectionery,
edible vegetable oil rice bran,
edible vegetable oil sunflower,
dehydrated kasuri methi leaves,
roasted spice powder fenugreek,
roasted spice powder coriander,
yogurt milk bacterial cultures,
lactic cultures s thermophilus,
roast and ground filter coffee,
malted barley extracted solids,
organic tulsi holy basil blend,
marich kalimarich piper nigrum,
blackcurrant juice concentrate,
whole grains brown rice flakes,
butterfat from milk flavouring,
sodium carboxymethyl cellulose,
flour treatment agent ins 1101,
flour treatment agent ins 1100,
flour treatment agent ins 1102,
flour treatment agent ins 1104,
flour treatment agent ins 1223,
emulsifier sunflower lecithins,
flour treatment agent ins 1223,
medium chain triglycerides oil,
musta cyperus rotundus rhizome,
edible vegetable oil palm olien,
edible vegetable oil palmnolein,
starch sodium octenyl succinate,
refined vegetable oil sunflower,
emulsifier sodium polyphosphate,
di-potassium hydrogen phosphate,
raising agent sodium carbonates,
yoghurt milk bacterial cultures,
antifoaming agent dmps ins 900a,
anticaking agent silica ins 551,
edible vegetable oil cottonseed,
edible vegetable oil ground nut,
emulsifier soy lecithin ins 322,
emulsifying agent soya lecithin,
emulsifier ins 471 plant origin,
creatine monohydrate micronized,
giloy tinospora cordifolia stem,
kakanasika martynia annua fruit,
prishniparni uraria picta plant,
utpala nymphaea stellata flower,
edible vegetable oil palm kernel,
color paprika oleoresin ins 160c,
condensed milk-solid balls khoya,
raising agent sodium bicarbonate,
probiotic cultures l acidophilus,
anticaking agent silicon dioxide,
artificial flavouring substances,
sweetened condensed skimmed milk,
edible vegetable oil cotton seed,
emulsifier soya lecithin ins 322,
emulsifier glyceryl monostearate,
vitamin b6 pyridoxal-5-phosphate,
emulsifier salts of stearic acid,
capsule shell ingredient gelatin,
punarnava boerhavia diffusa root,
shati hedychium spicatum rhizome,
fish oil omega 3 fatty acids epa,
edible vegetable oil pamolein oil,
hydrogenated edible vegetable fat,
noodle powder refined wheat flour,
fortified wheat flour wheat flour,
edible vegetable oil rice bra oil,
strawberry juice from concentrate,
mineral sodium hydrogen carbonate,
enzyme beta-galact active culture,
emulsifiers ammonium phosphatides,
anticaking agent calcium silicate,
organic rama tulsi ocimum sanctum,
roasted spice powder black pepper,
flavour enhancer sodium glutamate,
grape seed extract vitis vinifera,
liquorice glycyrrhiza glabra bark,
dadima anar seeds punica granatum,
sodium aluminium sulphate ins 521,
mineral dough conditioner ins 223,
gelling agent agar powder ins 406,
medium chain triglyceride mct oil,
emulsifier salts of palmitic acid,
tamalaki phyllanthus niruri plant,
edible vegetable oil paimolein oil,
edible vegetable oil palmolein oil,
edible vegetable oil palmolein oll,
edible vegetable oil palmonien oil,
dehydrated vegetable powder garlic,
ginger zingiber officinale rhizome,
edible vegetable oil rice bran oil,
edible vegetable oil sunflower oil,
raising agent ammonium bicarbonate,
coriander seeds coriandrum sativum,
protein blend whey protein isolate,
vana tulsi ocimum gratissimum leaf,
stabilizer carboxymethyl cellulose,
dried red chillies capsicum annuum,
salt substitute potassium chloride,
edible vegetable oil groundnut oil,
dehydrated vegetable powder tomato,
gokshura tribulus terrestris fruit,
kantakari solanum surattense plant,
karkatshringi pistacia integerrima,
refined vegetable oil palmolein oil,
edible vegetable oil rice brand oil,
kasuri methi dried fenugreek leaves,
fermented nutritional yeast protein,
cinnamon cinnamomum zeylanicum bark,
edible vegetable oil cottonseed oil,
flavour enhancer disodium guanylate,
flavour enhancer disodium inosinate,
roasted spice powder green cardamom,
organic green tea camellia sinensis,
lemongrass cymbopogon citratus leaf,
jiwanti leptadenia reticulata plant,
shyonaka oroxylum indicum stem bark,
vijaysar pterocarpus marsupium stem,
huile végétale comestible palmoleine,
huile végétale comestible palmoléine,
hydrogenated vegetable fat palmolein,
hydrogenated vegetable oil vanaspati,
edible vegetable fat onteresterified,
active lactic culture s.thermophilus,
organic krishna tulsi ocimum sanctum,
butterscotch flavoured confectionery,
sweet lime mosambi juice concentrate,
acidity regulator malic acid ins 296,
vitamin b6 pyridox ine hydrochloride,
emulsifier sodium stearoyl lactylate,
chocolate natural vanilla flavouring,
chocolate substitute refined palm oil,
edible vegetable oil refined palm oil,
vegetable juice concentrate for color,
acidity regulator potassium carbonate,
acidity regulator citric acid ins 330,
citric acid acidity regulator ins 330,
flavour enhancer yeast extract powder,
active lactic cultures s thermophilus,
active lactic cultures s.thermophilus,
organic vana tulsi ocimum gratissimum,
thickener micro crystalline cellulose,
agaru cinnamomum zeylanicum stem bark,
mono- and diglycerides of fatty acids,
probiotics bacillus coagulans snz1969,
arachidonic acid aa from m alpina oil,
kutki picrorhiza kurrooa root rhizome,
mct powder medium chain triglycerides,
edible vegetable fat bakery shortening,
interesterified vegetable fat palm oil,
lbacillus delbrueckii subsp bulgaricus,
stabilizer micro crystalline cellulose,
chamomile matricaria chamomilla flower,
preservative potassium sorbate ins 202,
fortified wheat flour calcium carbonate,
acidity regulator dipotassium phosphate,
raising agent sodium hydrogen carbonate,
antifoaming agent dimethyl polysiloxane,
anticaking agent potassium ferrocyanide,
sweetened condensed partly skimmed milk,
flavour enhancer disodium 5'- guanylate,
emulsifier polyglycerol polyricinoleate,
stabilizer hydrolysed vegetable protein,
stabilizer hydrolyzed vegetable protein,
emulsifier di-glycerides of fatty acids,
stabilizer and thickener pectin ins 440,
fructo-oligosaccharides prebiotic fibre,
interesterified vegetable fat sesame oil,
raising agent sodium bicarbonate ins 500,
l.bacillus delbrueckii subsp. bulgaricus,
amla extract emblica officinalis extract,
anticaking agent silicon dioxide ins 551,
shweta chandan santalum album heart wood,
edible vegetable oil refined ricebran oil,
emulsifying and stabilising agent ins 415,
edible vegetable oil refined palmolein oil,
emulsifying and stabilizing agent ins 1422,
leavening agent sodium bicarbonate ins 500,
emulsifier carboxymethyl cellulose ins 466,
active lactic cultures made from toned milk,
holy basil ocimum sanctum rama variety leaf,
edible vegetable oil refined cottonseed oil,
flavour enhancer disodium 5'-ribonucleotide,
agnimantha clerodendrum phlomidis stem bark,
arachidonic acid ara mortierella alpina oil,
chocolate substitute refined palm kernel oil,
acidity regulator citric acid powder ins 330,
emulsifier polyglycerol esters of fatty acid,
2'-fucosyllactose human milk oligosaccharide,
partially hydrogenated refined vegetable oils,
edible vegetable fat interesterified palm oil,
acetylated distarch adipate thickener ins 1422,
acidity regulator potassium hydrogen carbonate,
acidity regulator sodium bicarbonate ins 500 i,
holy basil ocimum sanctum krishna variety leaf,
lactose-rich deproteinized whey permeate powder,
lactic cultures l.delbruelkil subsp. bulgaricus,
antifoaming agent dimethyl polysiloxane ins 900,
stabilizer mono and diglycerides of fatty acids,
emulsifier mono- and diglycerides of fatty acids,
arachidonic acid ara from mortierella alpina oil,
stabilizer dipotassium hydrogen phosphate ins 340,
stabilizer ins 466 sodium carboxymethyl cellulose,
emulsifier propylene glycol esters of fatty acids,
emulsifiers mono- and diglycerides of fatty acids,
edible vegetable fat interesterified palm kernel oil,
calcium b-hydroxy-b-methylbutyrate monohydrate cahmb,
east india basil ocimum gratissimum vana variety leaf,
apple juice reconstituted from apple juice concentrate,
emulsifier mono and diglycerides of fatty acids ins 471,
active lactic cultures including ldelbrueki subsp bulgaricus,
active lactic culture lbacillus delbrueckii subsp. bulgaricus,
active lactic cultures lbacillus delbrueckii subsp bulgaricus,
active lactic cultures l.bacillus delbrueckii subsp bulgaricus,
emulsifier diacetyl tartaric acid ester of mono and diglycerides,
probiotic bacterial strains bifidobacterium animalis subsp lactis,
active lactic culture with probiotics bacteri animalis subop lactis,
di-acetyl tartaric acid esters of mono and diglycerides of edible vegetable oils,
emulsifier di-acetyl tartaric acid esters of mono and diglycerides of edible vegetable oils,
emulsifier di-acetyl tartaric acid esters of mono and di-glycerides of edible vegetable oils,
