canon,variant
A2 Protein,a2 protein
Acesulfame Potassium (INS 950),acesulfame k
Acesulfame Potassium (INS 950),acesulfame potassium
Acesulfame Potassium (INS 950),sweetener ins 950
Acetic Acid (INS 260),acetic acid
Acetic Acid (INS 260),acidifying agent acetic acid
Acetic Acid (INS 260),acidifying agent ins 260
Acetic Acid (INS 260),acidity regulator ins 260
Acetic Acid (INS 260),acidity regulator ins e260
Acetic Acid (INS 260),acitifying agent ins 260
Acetic Acid (INS 260),bread crumbs acetic acid ins 260
Acetic Acid (INS 260),bread crumbs acidity regulator ins 260
Acetic Acid (INS 260),seasoning acetic acid
Acetylated Distarch Adipate (INS 1422),acetylated distarch adipate
Acetylated Distarch Adipate (INS 1422),acetylated distarch adipate thickener ins 1422
Acetylated Distarch Adipate (INS 1422),stabilizer ins 1422
Acetylated Distarch Adipate (INS 1422),thickener ins 1422
Acid Regulator,acid regulator
Acid Regulator,regulator
Acid Regulator,acidity regulators
Acid Regulator,acidity regulator
Active Culture,active culture
Active Culture,active lactic culture
Active Culture,active lactic cultures
Active Culture,active lactic cultures made from toned milk
Active Culture,cultures
Active Culture,probiotic bacterial strains bifidobacterium spp.
Active Culture,probiotic bacterial strains lactobacillus spp.
Active Culture,streptococcus thermophilus
Active Culture,yoghurt milk bacterial cultures
Active Culture,yogurt milk bacterial cultures
Ajwain (Carom Seeds),ajowan
Ajwain (Carom Seeds),ajwain
Ajwain (Carom Seeds),ajwain carom seeds
Ajwain (Carom Seeds),carom seeds
Ajwain (Carom Seeds),carrom seeds
Ajwain (Carom Seeds),mixed spices ajowan
Ajwain (Carom Seeds),mixed spices carom seeds powder
Ajwain (Carom Seeds),spices ajwain
Ajwain (Carom Seeds),spices carom seeds
Ajwain (Carom Seeds),spices and condiments ajwair powder
Ajwain (Carom Seeds),whole ajwain seeds
Algal Oil,algal oil
Allspice,allspice
Almond,almond
Almond,almond flavouring
Almond,almond flour
Almond,almond nougat
Almond,almond paste
Almond,almond pieces
Almond,almonds
Almond,almonds pieces
Almond,badam flavouring
Almond,cashew almond
Almond,nuts almond
Almond,nuts almond butter
Almond,nuts almond dices
Almond,nuts almonds
Almond,roasted almonds
Almond,roasted almonds flavouring
Almond,whole almonds
Aloe Vera,aloe vera bits
Aloe Vera,aloe vera juice
Alpha Amylase,enzyme alpha amylase
Alpha Amylase,vitamins and enzyme alpha amylase
Amla,amla extract emblica officinalis extract
Ammonium Phosphatides,ammonium phosphatides
Ammonium Phosphatides,emulsifiers ammonium phosphatides
Amra,amra
Aniseed,aniseed
Aniseed,aniseed powder
Aniseed,mix spices aniseed powder
Aniseed,mixed spices aniseed powder
Aniseed,roasted spice powder aniseed
Aniseed,seasoning masala mix spices and condiments aniseed
Aniseed,spices aniseed
Aniseed,spices and condiments aniseed
Aniseed,mixed spices roasted spice powder aniseed
Annatto (INS 160b),annatto extract color
Annatto (INS 160b),annatto ins 160b
Annatto (INS 160b),annatto ins 160b(ii)
Annatto (INS 160b),color annatto
Annatto (INS 160b),color ins 160b
Annatto (INS 160b),color ins 160b(ii)
Annatto (INS 160b),milk solids color ins 160b
Annatto (INS 160b),tikka masala seasoning annatto extracts
Anti-foaming Agent (INS 900a),anti-foaming agent ins 900a
Anti-foaming Agent (INS 900a),antifoaming agent
Anti-foaming Agent (INS 900a),antifoaming agent dimethyl polysiloxane
Anti-foaming Agent (INS 900a),antifoaming agent dmps ins 900a
Anti-foaming Agent (INS 900a),antifoaming agent ins 900a
Anticaking Agent,anticaking agents
Antioxidant,antioxidant
Antioxidant,antioxidants
Antioxidant,dried vegetables antioxidant ins 320
Apple,apple flavouring
Apple,apple juice
Apple,apple juice concentrate
Apple,apple juice reconstituted from apple juice concentrate
Apple,concentrated apple juice
Apple,concentrated fruit juices apple
Apricot,apricot
Apricot,apricot juice
Apricot,apricot kernels
Apricot,apricot pulp
Arabica Beans,arabica beans
Arabica Beans,coffee beans arabica
Aronia Berry,aronia salt
Aronia Berry,concentrated fruit juices aronia berry
Arrowroot Powder,arrowroot powder
Artificial Color,artificial color
Artificial Color,artificial colors
Artificial Color,bright red
Artificial Color,coloring substances of plant and synthetic origin
Artificial Color,synthetic food colors
Artificial Flavouring,artificial flavouring
Artificial Flavouring,artificial flavouring substances
Asafoetida (Hing),asafetida
Asafoetida (Hing),asafoetida
Asafoetida (Hing),asafoetida powder
Asafoetida (Hing),asafoetida powder gluten
Asafoetida (Hing),asafoetida powder sulphites
Asafoetida (Hing),asafoetida powder wheat
Asafoetida (Hing),compounded asafetida
Asafoetida (Hing),compounded asafoetida
Asafoetida (Hing),ground spices and condiments asafoetida
Asafoetida (Hing),hing
Asafoetida (Hing),mix spices asafoetida powder
Asafoetida (Hing),mixed spices asafoetida
Asafoetida (Hing),mixed spices compounded asafoetida
Asafoetida (Hing),salt with spices and condiments asafoetida
Asafoetida (Hing),spices asafoetida
Asafoetida (Hing),spices and condiments asafoetida
Asafoetida (Hing),spices and condiments asafoetida powder
Ascorbic Acid (INS 300 / Vitamin C),acidity regulator ins 300
Ascorbic Acid (INS 300 / Vitamin C),antioxidant ins 300
Ascorbic Acid (INS 300 / Vitamin C),ascorbic acid
Ascorbic Acid (INS 300 / Vitamin C),ascorbic acid vitamin c
Ascorbic Acid (INS 300 / Vitamin C),ititamin c
Ascorbic Acid (INS 300 / Vitamin C),l-ascorbic acid
Ascorbic Acid (INS 300 / Vitamin C),vitamin c
Ascorbic Acid (INS 300 / Vitamin C),vitamin c ascorbic acid
Ascorbic Acid (INS 300 / Vitamin C),vitamins vitamin c
Ascorbyl Palmitate (INS 304),antioxidant ins 304
Ascorbyl Palmitate (INS 304),ascorbyl palmitate
Ashwagandha,ashwagandha
Aspartame,aspartame
Aspartame,aspartham
Bael,bael pulp
Baking Powder,baking powder
Baking Powder,baking powder maize starch
Banana,banana
Banana,banana juice
Banana,banana powder
Banana,banana pulp
Banana,banana puree
Banana,fruit powder blend banana
Barley,barley
Barley,barley flour
Barley,bled oats
Barley,cereal extract barley
Barley,cereal extract malted barley
Barley,malted barley
Barley,malted barley extracted solids
Barley,malted barley flour
Basil,east india basil ocimum gratissimum vana variety leaf
Basil,holy basil ocimum sanctum krishna variety leaf
Basil,holy basil ocimum sanctum rama variety leaf
Basil,krishna and rama tulsi ocimum sanctum leaf
Basil,krishna tulsi
Basil,krishna tulsi leaf
Basil,krishna tulsi ocimum sanctum
Basil,organic krishna tulsi ocimum sanctum
Basil,organic rama tulsi leaf
Basil,organic rama tulsi ocimum sanctum
Basil,organic tulsi holy basil blend
Basil,organic vana tulsi leaf
Basil,organic vana tulsi ocimum gratissimum
Basil,rama tulsi
Basil,rama tulsi ocimum sanctum
Basil,spices basil
Basil,tulsi
Basil,tulsi extract
Basil,tulsi leaves
Basil,vana tulsi
Basil,vana tulsi ocimum gratissimum
Basil,vana tulsi ocimum gratissimum leaf
Basmati Rice,basmati rice
Basmati Rice,basmati rice grains
Basmati Rice,sella basmati rice
Basmati Rice,white basmati rice
Batter,batter
Bay Leaf,bay leaf
Bay Leaf,bay leaves
Bay Leaf,cassia leaf
Bay Leaf,dried cassia leaves
Bay Leaf,ground spices and condiments dry cassia leaves
Bay Leaf,mixed spices bay leaf
Bay Leaf,mixed spices bay leaves
Bay Leaf,mixed spices bayleaves
Bay Leaf,dehydrated cassia leaves
Beans,beans
Beans,masala mix dehydrated vegetable beans
Beetroot,beet red ins 162
Beetroot,beet root juice powder
Beetroot,beet root powder
Beetroot,beetroot juice concentrate
Beetroot,beetroot juice powder
Beetroot,beetroot powder
Beetroot,color ins 162
Belgian Dark Chocolate,belgian dark chocolate
Bengal Gram (Besan/Chana Dal),bengal
Bengal Gram (Besan/Chana Dal),bengal gram
Bengal Gram (Besan/Chana Dal),bengal gram dal
Bengal Gram (Besan/Chana Dal),bengal gram flour
Bengal Gram (Besan/Chana Dal),bengal gram flour besan
Bengal Gram (Besan/Chana Dal),bengal gram grits
Bengal Gram (Besan/Chana Dal),besan
Bengal Gram (Besan/Chana Dal),black bengal gram flakes
Bengal Gram (Besan/Chana Dal),chana
Bengal Gram (Besan/Chana Dal),chana dal
Bengal Gram (Besan/Chana Dal),chana dal split bengal gram
Bengal Gram (Besan/Chana Dal),chanda dal
Bengal Gram (Besan/Chana Dal),chick peas flour
Bengal Gram (Besan/Chana Dal),chickpea flour
Bengal Gram (Besan/Chana Dal),chickpea flour besan
Bengal Gram (Besan/Chana Dal),chickpeas flour
Bengal Gram (Besan/Chana Dal),gram dal
Bengal Gram (Besan/Chana Dal),gram dhal
Bengal Gram (Besan/Chana Dal),gram flour
Bengal Gram (Besan/Chana Dal),gram meal
Bengal Gram (Besan/Chana Dal),gram pulse flour
Bengal Gram (Besan/Chana Dal),lentil chana dal
Bengal Gram (Besan/Chana Dal),nuts and pulses roasted bengal gram flour
Bengal Gram (Besan/Chana Dal),roasted bengal gram flour
Bengal Gram (Besan/Chana Dal),split chick peas
Bengal Gram (Besan/Chana Dal),split chickpea
Bengal Gram (Besan/Chana Dal),split gram
Bengal Gram (Besan/Chana Dal),split grams
Bengal Gram (Besan/Chana Dal),split pulse bengal gram chana dal
Beta-Carotene (INS 160a),beta-carotene
Beta-Carotene (INS 160a),color ins 160a
Beta-Carotene (INS 160a),color ins 160a(i)
Beta-Carotene (INS 160a),color ins 160a(ii)
Beta-Carotene (INS 160a),color ins 160a(iii)
Bhringraj,bhringraj
Bifidobacterium,bifidobacterium bifidum
Bifidobacterium,bifidobacterium lactis
Bifidobacterium,milk solids bifidobacterium lactis
Biotin,biotin
Biotin,d-biotin
Biotin,vitamins vitamin b7
Biryani,biryani
Biscuit,biscuit cocos solids
Black Cardamom,black cardamom
Black Cardamom,brown cardamom
Black Cardamom,mixed spices black cardamom powder
Black Cardamom,mixed spices large cardamom
Black Cardamom,spices and condiments big cardamom powder
Black Cardamom,spices and condiments large cardamom powder
Black Cardamom,large cardamom
Black Cardamom,large cardamom whole
Black Cumin,black cumin
Black Gram,black gram
Black Gram,black gram dal
Black Gram,husked black gram
Black Gram,husked black gram urad dal
Black Gram,split black gram
Black Gram,urad dal
Black Gram,urad dal split matpe beans
Black Gram,whole black gram lentils
Black Lentils,black lentils
Black Pepper,black pepper
Black Pepper,black pepper flavouring
Black Pepper,black pepper powder
Black Pepper,black pepper whole
Black Pepper,ground spices and condiments black pepper
Black Pepper,kali mirch black pepper
Black Pepper,kalimirch black pepper
Black Pepper,marich kalimarich piper nigrum
Black Pepper,maricha
Black Pepper,mix spices black pepper powder
Black Pepper,mixed spices black pepper
Black Pepper,mixed spices black pepper bits
Black Pepper,mixed spices black pepper powder
Black Pepper,mixed spices roasted spice powder black pepper
Black Pepper,pepper black whole
Black Pepper,pepper powder
Black Pepper,salt with spices and condiments pepper black kalimirch
Black Pepper,seasoning masala mix spices and condiments black pepper
Black Pepper,spice and spice extracts black pepper
Black Pepper,spices black pepper
Black Pepper,spices black pepper powder
Black Pepper,spices and condiments black pepper
Black Pepper,spices and condiments black pepper powder
Black Pepper,mixed spices pepper
Black Rice,black rice
Black Salt,black sall
Black Salt,black salt
Black Salt,kalanamak
Black Salt,krishnalavana black salt
Black Salt,sauncharnamak
Black Salt,sauvarchala lavana
Black Salt,sauvarchalalavana
Black Salt,seasoning black salt hydrolysed vegetable protein
Black Salt,sodium chloride black salt
Black Salt,ground spices and condiments black salt
Black Salt,spices and condiments black salt
Black Tea,assam black tea
Black Tea,assam tea leaves
Black Tea,black tea
Black Tea,black tea leaves
Blackcurrant,blackcurrant juice concentrate
Blackcurrant,dried blackcurrant
Blackcurrant,mixed berries dried blackcurrant
Blueberry,blueberries
Blueberry,blueberry flavouring
Brahmi,brahmi
Bread Crumbs,dehydrated bread
Bread Crumbs,bread crumb
Bread Crumbs,bread crumb dextrose
Bread Crumbs,bread crumbs sugar
Bread Crumbs,breadcrumbs dextrose
Bread Crumbs,bread crumbs
Bread Improvers,bread improvers
Bread Improvers,bread crumbs bread improvers
Bromelain,bromelain pineapple
Bromelain,proabsor8 blend bromelain
Brown Rice,brown rice
Brown Rice,whole grains brown rice
Brown Rice,whole grains brown rice flakes
Brown Rice Protein Isolate,brown rice protein isolate
Buffalo Milk,buffalo fat
Buffalo Milk,buffalo milk
Butter,butter
Butter,butter from milk
Butter,cooking butter
Butter,tikka masala seasoning butter cream
Butter,tikka masala seasoning butter salt
Butter,white butter
Butterfat,butterfat
Butterfat,butterfat from milk flavouring
Butterfat,cow milk fat
Butterfat,dairy fat
Butterfat,milk fat
Butterfat,milkfat
Butterfat,chocolate syrup milk fat
Buttermilk,butter milk
Buttermilk,reconstituted buttermilk milk
Butterscotch,butterscotch flavoured confectionery butter
Butterscotch,butterscotch flavoured confectionery cashew nuts
Butterscotch,butterscotch flavoured confectionery sugar
Butterscotch,butterscotch flavouring
Butterscotch,butterscotch pieces butter milk
Butterscotch,butterscotch pieces corn syrup
Butterscotch,butterscotch pieces emulsifier soy lecithin
Butterscotch,butterscotch pieces natural flavouring
Butterscotch,butterscotch pieces salt
Butterscotch,butterscotch pieces sugar
Butylated Hydroxyanisole (BHA / INS 320),antioxidant ins 320
Cabbage,dehydrated vegetables cabbage
Cabbage,masala mix dehydrated vegetable cabbage
Calcium,calcium
Calcium,minerals calcium
Calcium Carbonate (INS 170),calcium carbonate
Calcium Carbonate (INS 170),calcium carbonate ins 170
Calcium Carbonate (INS 170),firming agent ins 170(i)
Calcium Carbonate (INS 170),mineral calcium carbonate
Calcium Carbonate (INS 170),minerals calcium carbonate
Calcium Carbonate (INS 170),stabilizer ins 170
Calcium Carbonate (INS 170),stabilizer ins 170(i)
Calcium Carbonate (INS 170),wheat cocoa crispy balls stabilizer ins 170(i)
Calcium Chloride,calcium chloride
Calcium Chloride,mozzarella cheese calcium chloride
Calcium Hydroxide,calcium hydroxide
Calcium Lactate (INS 327),acidity regulator ins 327
Calcium Lactate (INS 327),calcium lactate
Calcium Lactate (INS 327),minerals calcium lactate
Calcium Pantothenate,calcium d-pantothenate
Calcium Pantothenate,calcium pantothenate
Calcium Phosphate,anticaking agent ins 341
Calcium Phosphate,anticaking agent ins 341(iii)
Calcium Phosphate,calcium phosphate
Calcium Phosphate,mineral calcium phosphate
Calcium Phosphate,minerals calcium phosphates
Calcium Propionate (INS 282),bread crumbs preservative calcium propionate ins 282
Calcium Propionate (INS 282),bread crumbs preservative ins 282
Calcium Propionate (INS 282),preservative calcium propionate ins 282
Calcium Propionate (INS 282),preservative ins 282
Camel Milk Powder,camel milk powder
Camphor,kapoor camphor
Candied Lemon Peels,candied lemon peels
Candy Masala,candy masala
Capers,capers
Capsicum,capsicum
Capsicum,capsicum extract
Capsicum,capsicum powder
Capsicum,dehydrated green bell pepper
Capsicum,dehydrated vegetable red bell pepper
Capsicum,dehydrated vegetables capsicum
Capsicum,green bell pepper
Capsicum,mixed spices capsicum extract
Capsicum,spice and spice extracts capsicum
Capsicum,spices and condiments paprika
Capsicum,dehydrated vegetables green bell peppers
Caramel (INS 150),caramel
Caramel (INS 150),caramel color ins 150a
Caramel (INS 150),caramel ins 150c
Caramel (INS 150),caramel powder
Caramel (INS 150),caramel sauce caramel color
Caramel (INS 150),caramelised sugar syrup
Caramel (INS 150),color caramel
Caramel (INS 150),color caramel ins 150a
Caramel (INS 150),color ins 150c
Caramel (INS 150),color ins 150d
Caramel (INS 150),honey bbq seasoning caramel color
Caramel (INS 150),seasoning color ins 150d
Caramel (INS 150),soya sauce powder color ins 150c
Caramel (INS 150),caramel sauce high fructose corn syrup
Caramel (INS 150),caramel sauce nonfat dry milk
Caramel (INS 150),caramel sauce salt
Caramel (INS 150),color ins 150a
Caramel Flavouring,caramel flavouring
Caramel Flavouring,caramel toffee flavouring
Caramel Flavouring,caramel sauce flavouring
Caramel Toffee Pieces,caramel toffee pieces
Caraway,caraway
Caraway,mixed spices caraway
Caraway,spices and condiments caraway
Carbohydrate,carbohydrate
Carbohydrate,carbohydrates
Carbonated Crystals,carbonated crystals cocoa butter
Carbonated Crystals,carbonated crystals dextrose
Carbonated Crystals,carbonated crystals lactose
Carbonated Crystals,carbonated crystals processed with carbon dioxide
Carbonated Crystals,carbonated crystals sugar
Carbonating Agent,carbonating agent carbon dioxide
Carob Bean Gum,caramel sauce carob bean gum
Carrageenan (INS 407),caramel sauce carrageenan
Carrageenan (INS 407),carrageenan
Carrageenan (INS 407),stabilizer carrageenan
Carrageenan (INS 407),stabilizer ins 407
Carrageenan (INS 407),stabilizer ins 407a
Carrageenan (INS 407),topping sauce stabilizer ins 407
Carrier Lactose,carrier lactose
Carrot,carrot
Carrot,carrot bits
Carrot,carrot cereal mix pieces carrot powder
Carrot,carrot cereal mix pieces carrot puree
Carrot,carrot flavouring agent
Carrot,carrots
Carrot,dehydrated carrot
Carrot,dehydrated carrot bits
Carrot,dehydrated vegetables carrot
Carrot,dehydrated vegetables carrot flakes
Carrot,dehydrated vegetables carrot flavouring
Carrot,dehydrated vegetables carrots
Carrot,dried vegetables carot
Carrot,dried vegetables carrot
Carrot,dried vegetables carrots
Carrot,grated carrots
Carrot,masala mix dehydrated vegetable carrot
Carrot,vegetable mix carrot
Carrot,vegetables carrot
Cashew,cashew
Cashew,cashew nut
Cashew,cashew nuts
Cashew,cashew pieces
Cashew,cashews
Cashew,kaju cashew
Cashew,nuts cashew
Cashew,nuts cashews
Cashew,whole cashews
Cassia,cassia
Cassia,cassia bark taj
Cassia,cassia taj
Cassia,mixed spices cassia
Cassia,salt with spices and condiments cinnamon dalchini
Cassia,seasoning masala mix spices and condiments cassia
Cauliflower,cauliflower
Cauliflower,cauliflower florets
Celery,celery
Cellulose Gum (INS 460),cellulose gum
Cellulose Gum (INS 460),emulsifier ins 460(i)
Cellulose Gum (INS 460),stabilizer ins 460
Cellulose Gum (INS 460),stabilizer ins 460(i)
Center Filling,center filling
Center Filling,centre filling
Center Filling,centre filling milk solids
Cereal Extract,cereal extract
Cereal Extract,cereal extract millets
Cereal Extract,cereal extract wheat malt
Chamomile,chamomile matricaria chamomilla flower
Chamomile,organic chamomile flower
Cheese,cheese
Cheese,cottage cheese
Cheese,cottage cheese chena
Cheese,cottage cheese milk solids
Cheese,indian cottage cheese
Cheese,mozzarella cheese microbial rennet
Cheese,mozzarella cheese pasteurized milk
Cheese,mozzarella cheese pasteurized skimmed milk
Cheese,paneer
Cheese,paneer cheese
Cheese,paneer cottage cheese
Cheese,processed cheese
Cheese,seasoning cheddar cheese
Cheese Powder,cheese powder
Cheese Powder,seasoning cheese powder
Chia Seeds,chia seeds
Chia Seeds,seeds chia
Chicken,chicken bits
Chicken,chicken fat
Chicken,chicken meat
Chickpea,chick peas
Chickpea,chickpeas
Chicory,chicory
Chicory,chicory root
Chicory,coffee no chicory
Chicory,instant coffee chicory mix
Chicory,instant coffee chicory mixture
Chilli,chili
Chilli,chili powder
Chilli,chilli
Chilli,chilli extract
Chilli,chilli flakes
Chilli,chilli powder
Chilli,chilli red
Chilli,chillies
Chilli,dried red chillies capsicum annuum
Chilli,dry red chilli
Chilli,extracts and oils red chilli
Chilli,green chili
Chilli,green chilies
Chilli,green chilli
Chilli,green chilli paste
Chilli,green chilli puree
Chilli,green chillies
Chilli,green chilly
Chilli,ground spices and condiments dry red chilli
Chilli,ground spices and condiments red chilli
Chilli,kashmiri chilli
Chilli,kashmiri lal mirch
Chilli,mild jalapeño
Chilli,mix spices red chilli
Chilli,mixed spices chilli
Chilli,mixed spices green chilli
Chilli,mixed spices green chilli flakes
Chilli,mixed spices red chilli
Chilli,mixed spices red chilli bits
Chilli,mixed spices red chilli flakes
Chilli,mixed spices red chilli powder
Chilli,mixed spices red chilly powder
Chilli,red chili
Chilli,red chili powder
Chilli,red chilli
Chilli,red chilli flakes
Chilli,red chilli powder
Chilli,red chilli whole
Chilli,red chillies
Chilli,red chilly
Chilli,red chilly flakes
Chilli,red chilly powder
Chilli,salt with spices and condiments chillies and capsicum lal mirchi
Chilli,seasoning masala mix spices and condiments red chilli
Chilli,seasoning mix spices chilli
Chilli,spice and spice extracts chilli
Chilli,spices chilli
Chilli,spices green chilli flakes
Chilli,spices red chilli
Chilli,spices red chilli powder
Chilli,spices and condiments chili powder
Chilli,spices and condiments chilli
Chilli,spices and condiments chilli powder
Chilli,spices and condiments chilly
Chilli,spices and condiments dried green chilli
Chilli,spices and condiments dry red chilli
Chilli,spices and condiments kashmiri red chilli powder
Chilli,spices and condiments mathania red chilli powder
Chilli,spices and condiments red chili
Chilli,spices and condiments red chilli
Chilli,spices and condiments red chilli flakes
Chilli,spices and condiments red chilli powder
Chilli,spices and condiments white chilli
Chilli,stalkless kashmiri chillies
Chilli,yellow chilli
Chilli,vegetables red chilli paste
Chilli,vegetables green chilli puree
Chilli,vegetables green chillies
Chilli,ground spices and condiments dried green chilli
Chlorophyll (INS 141),chlorophyll color
Chlorophyll (INS 141),color ins 141
Chocolate,belgian dark chocolate
Chocolate,chcolate milk
Chocolate,choco chips
Chocolate,chocolate
Chocolate,chocolate cane sugar
Chocolate,chocolate chip
Chocolate,chocolate cocoa butter
Chocolate,chocolate cocoa mass
Chocolate,chocolate cocoa solids
Chocolate,chocolate emulsifier ins 1476
Chocolate,chocolate emulsifier ins 322
Chocolate,chocolate flavoured confectionery vanilla flavouring
Chocolate,chocolate flavouring
Chocolate,chocolate lecithin ins 322
Chocolate,chocolate milk solids
Chocolate,chocolate natural vanilla flavouring
Chocolate,chocolate ripple
Chocolate,chocolate sauce
Chocolate,chocolate substitute vanilla flavouring
Chocolate,chocolate sugar
Chocolate,chocolate whole milk powder
Chocolate,chocolates ripple
Chocolate,creamy milk chocolate
Chocolate,dark chocolate
Chocolate,dark chocolate coverture brown sugar
Chocolate,dark chocolate coverture cocoa
Chocolate,dark chocolate coverture cocoa butter
Chocolate,dark chocolate coverture soy lecithin
Chocolate,milk chocolate
Chocolate,milk chocolate (sugar
Chocolate,milk chocolate cocoa butter
Chocolate,milk chocolate cocoa solid
Chocolate,milk chocolate cocoa solids
Chocolate,milk chocolate emulsifier ins 476
Chocolate,milk chocolate emulsifier soy lecithin
Chocolate,milk chocolate milk solids
Chocolate,milk chocolate refined sugar
Chocolate,milk chocolate vanilla flavouring
Chocolate,white chocolate
Chocolate,white chocolate cocoa butter
Chocolate,white chocolate emulsifier soy lecithin
Chocolate,white chocolate lactose
Chocolate,white chocolate milk
Chocolate,white chocolate sugar
Chocolate,white chocolate vanillin flavouring
Chocolate,chocolate flavoured confectionery water
Chocolate,chocolate flavoured confectionery sugar
Chocolate,chocolate flavoured confectionery liquid glucose
Chocolate,dried brownie and cookie pieces chocolate flavouring
Chocolate,chocolate substitute emulsifier ins 322
Cholecalciferol,cholecalciferol
Cholesterol,cholesterol
Choline Chloride,choline chloride
Chromium,chromium chloride
Chromium,mineral chromium picolinate
Cinnamon,cinnamom
Cinnamon,cinnamon
Cinnamon,cinnamon bark
Cinnamon,cinnamon cinnamomum zeylanicum bark
Cinnamon,cinnamon extract
Cinnamon,cinnamon flavouring
Cinnamon,cinnamon leaves
Cinnamon,cinnamon powder
Cinnamon,cinnamon whole
Cinnamon,dalchini cinnamon
Cinnamon,dried bark of cinnamomum
Cinnamon,ground spices and condiments cinnamon
Cinnamon,mix spices cinnamon powder
Cinnamon,mixed spices cinnamon
Cinnamon,mixed spices cinnamon powder
Cinnamon,spices cinnamon
Cinnamon,spices and condiments cinnamon
Cinnamon,spices and condiments cinnamon powder
Citric Acid (INS 330),acidifying agent ins 330
Citric Acid (INS 330),acidity regulator citric acid
Citric Acid (INS 330),acidity regulator citric acid ins 330
Citric Acid (INS 330),acidity regulator citric acid powder ins 330
Citric Acid (INS 330),acidity regulator ins 0330
Citric Acid (INS 330),acidity regulator ins 330
Citric Acid (INS 330),acidity regulator ins e330
Citric Acid (INS 330),antioxidant ins 330
Citric Acid (INS 330),citric acid
Citric Acid (INS 330),citric acid acidity regulator ins 330
Citric Acid (INS 330),citric acid ins 330
Citric Acid (INS 330),citric acid powder
Citric Acid (INS 330),honey bbq seasoning citric acid
Citric Acid (INS 330),mango pulp acidity regulator ins 330
Citric Acid (INS 330),potato flakes acidity regulator citric acid ins 330
Citric Acid (INS 330),salt with spices and condiments acidity regulator ins 330
Citric Acid (INS 330),seasoning acidity regulator ins 330
Citric Acid (INS 330),seasoning citric acid
Citric Acid (INS 330),tikka masala seasoning citric acid
Citrus Pulp,citrus pulp cells
Citrus Pulp,orange pulp cells
Clarified Milk Fat,clarified milk fat
Clove,clove
Clove,clove bud
Clove,clove powder
Clove,clover powder
Clove,cloves
Clove,cloves powder
Clove,cloves whole
Clove,ground spices and condiments clove
Clove,lavang clove
Clove,mix spices clove powder
Clove,mixed spices clove
Clove,mixed spices clove powder
Clove,mixed spices roasted spice powder clove
Clove,salt with spices and condiments cloves laung
Clove,seasoning masala mix spices and condiments cloves
Clove,spices clove
Clove,spices clove powder
Clove,spices cloves
Clove,spices coriander cloves
Clove,spices and condiments clove
Clove,spices and condiments clove powder
Clove,whole cloves
Cocoa,cadbury dairy milk cocoa butter
Cocoa,cadbury dairy milk cocoa solids
Cocoa,carbonated crystals cocoa butter
Cocoa,chocoa powder
Cocoa,chocolate cocoa butter
Cocoa,chocolate cocoa mass
Cocoa,chocolate cocoa solids
Cocoa,chocolate flavoured confectionery cocoa solids
Cocoa,chocolate substitute cocoa solids
Cocoa,chocolate syrup cocoa butter
Cocoa,chocolate syrup cocoa solids
Cocoa,coco powder
Cocoa,cocoa
Cocoa,cocoa and vanilla flavouring
Cocoa,cocoa butter
Cocoa,cocoa cocoa butter
Cocoa,cocoa cocoa nibs
Cocoa,cocoa components cocoa butter
Cocoa,cocoa components cocoa mass
Cocoa,cocoa flavouring
Cocoa,cocoa mas
Cocoa,cocoa mass
Cocoa,cocoa nibs
Cocoa,cocoa powder
Cocoa,cocoa powders
Cocoa,cocoa solids
Cocoa,cocoa solios
Cocoa,cocoa vanilla flavouring
Cocoa,dark chocolate coverture cocoa
Cocoa,dark chocolate coverture cocoa butter
Cocoa,dried brownie and cookie pieces cocoa solids
Cocoa,fat-reduced cocoa powder
Cocoa,wheat cocoa crispy balls cocoa solids
Cocoa,chocolate syrup
Cocoa Butter Equivalent,cocoa butter equivalent
Coconut,coconut
Coconut,coconut components
Coconut,coconut fat
Coconut,coconut milk
Coconut,coconut milk powder
Coconut,coconut oil
Coconut,coconut powder
Coconut,coconut water concentrate
Coconut,dehydrated coconut shreds
Coconut,desiccated coconut
Coconut,desiccated coconut powder
Coconut,edible vegetable oil coconut
Coconut,grated coconut
Coconut Oil,caramel sauce coconut oil
Coconut Oil,coconut oil
Coffee,arabica beans
Coffee,coffee
Coffee,coffee beans
Coffee,coffee beans arabica
Coffee,coffee beans robusta
Coffee,coffee extract
Coffee,coffee flavouring
Coffee,green coffee extract powder
Coffee,instant coffee
Coffee,instant coffee chicory mix
Coffee,instant coffee chicory mixture
Coffee,roast and ground filter coffee
Coffee,roasted and ground coffee
Coffee,robusta beans
Coffee,soluble coffee
Coffee,soluble coffee powder
Color,color
Color,colour
Color,natural color
Color,natural colors
Color,natural colour
Color,seasoning color
Color,vegetable juice concentrate for color
Color (INS 102),color ins 102
Color (INS 102),color tartrazine
Color (INS 102),topping sauce color ins 102
Color (INS 110),color ins 110
Color (INS 110),topping sauce color ins 110
Color (INS 120),color ins 120
Color (INS 122),color ins 122
Color (INS 122),color ins e122
Color (INS 124),color ins 124
Color (INS 127),color ins 127
Color (INS 129),color ins 129
Color (INS 132),color ins 132
Color (INS 133),color ins 133
Color (INS 161g),color ins 161g
Color (INS 171),color ins 171
Color (INS 171),titanium dioxide
Color (INS T10),color ins t10
Color (Miscellaneous),color ins 106 a(ii)
Color (Miscellaneous),color ins 106a
Color (Miscellaneous),color vegetable juice
Condensed Milk,condensed milk
Condensed Milk,condensed milk flavouring
Condensed Milk,sweetened condensed skimmed milk
Condiments,condiments
Condiments,seasoning masala mix spices and condiments spice oleoreins
Condiments,ground spices and condiments iodised salt
Condiments,spices and condiments iodised salt
Condiments,seasoning condiments
Condiments,spices and condiments chaat masala
Cooling Flavouring,cooling flavouring
Copper,copper sulphate
Copper,cupric sulphate
Coriander (Dhania),coriander
Coriander (Dhania),coriander dhaniya powder
Coriander (Dhania),coriander extract
Coriander (Dhania),coriander leaves
Coriander (Dhania),coriander powder
Coriander (Dhania),coriander puree
Coriander (Dhania),coriander seed
Coriander (Dhania),coriander seeds
Coriander (Dhania),coriander seeds coriandrum sativum
Coriander (Dhania),coriander whole
Coriander (Dhania),corinader
Coriander (Dhania),dhanayaka
Coriander (Dhania),dhanayaka dhania coriandrum sativum fr
Coriander (Dhania),dhania
Coriander (Dhania),dried coriander leaves
Coriander (Dhania),ground coriander seeds
Coriander (Dhania),ground spices and condiments coriander
Coriander (Dhania),mix spices coriander powder
Coriander (Dhania),mixed spices coriander
Coriander (Dhania),mixed spices coriander extract
Coriander (Dhania),mixed spices coriander leaves
Coriander (Dhania),mixed spices coriander powder
Coriander (Dhania),mixed spices roasted spice powder coriander
Coriander (Dhania),salt with spices and condiments cumin safe zeera
Coriander (Dhania),seasoning masala mix spices and condiments coriander
Coriander (Dhania),seasoning mix spices coriander
Coriander (Dhania),spices coriander
Coriander (Dhania),spices coriander cloves
Coriander (Dhania),spices coriander powder
Coriander (Dhania),spices dehydrated coriander leaves
Coriander (Dhania),spices and condiments coriander
Coriander (Dhania),spices and condiments coriander powder
Coriander (Dhania),spices and condiments coriander seed powder
Coriander (Dhania),vegetables coriander puree
Corn,corn
Corn,corn flakes
Corn,corn meal
Corn,corn solids hydrolyzed
Corn,cornflakes corn
Corn,cornmeal
Corn,cereal products corn meal
Corn,degermed corn grits
Corn,dehydrated corn
Corn,dehydrated vegetables sweet corn
Corn,sweet corn
Corn,vegetables sweet corn
Corn Flour,batter corn flour
Corn Flour,corn flour
Corn Flour,maize flour
Corn Flour,seasoning maize flour
Corn Oil,corn oil
Corn Oil,edible vegetable oil corn
Corn Oil,edible vegetable oil corn oil
Corn Oil,toasted onion flakes onion and corn oil
Corn Oil,vegetable oil corn
Corn Oil,vegetable oil corn oil
Corn Starch,batter corn starch
Corn Starch,batter cornflour
Corn Starch,corn starch
Corn Starch,honey bbq seasoning corn starch
Corn Starch,maize starch
Corn Starch,modified maize starch
Corn Starch,potas starch
Corn Starch,seasoning corn starch
Cottonseed Oil,cottonseed oil
Cottonseed Oil,edible vegetable oil cotton seed
Cottonseed Oil,edible vegetable oil cottonseed
Cottonseed Oil,edible vegetable oil cottonseed oil
Cottonseed Oil,edible vegetable oil refined cottonseed oil
Cottonseed Oil,refined cotton seed oil
Cottonseed Oil,refined cottonseed oil
Cottonseed Oil,vegetable oil cotton seed
Cottonseed Oil,vegetable oil cottonseed
Cow Milk,cow fat
Cow Milk,cow milk
Cranberry,cranberries
Cranberry,cranberry
Cranberry,cranberry flavouring
Cranberry,cranberry juice concentrate
Cranberry,cranberry pulp
Cranberry,dehydrated fruits cranberry
Cranberry,dried sweetened cranberries cranberries
Cranberry,dried sweetened cranberries sugar
Cranberry,mixed berries candied cranberry
Cream,cream
Cream,cream milk
Cream,milk cream
Cream,tikka masala seasoning cream
Cream,tikka masala seasoning sour cream cultured cream
Cucumber Seeds,cucumber seed ins 396
Cucumber Seeds,cucumber seeds
Cumin (Jeera),bi cumin seed
Cumin (Jeera),cumin
Cumin (Jeera),cumin extract
Cumin (Jeera),cumin powder
Cumin (Jeera),cumin seed jeera
Cumin (Jeera),cumin seeds
Cumin (Jeera),cumin whole
Cumin (Jeera),extracts and oils cumin
Cumin (Jeera),ground cumin
Cumin (Jeera),ground spices and condiments cumin
Cumin (Jeera),jeera
Cumin (Jeera),jeera powder
Cumin (Jeera),jeera seeds
Cumin (Jeera),jeeraka cumin seeds
Cumin (Jeera),jeeraka cummin seeds
Cumin (Jeera),mix spices cumin powder
Cumin (Jeera),mixed spices cumin
Cumin (Jeera),mixed spices cumin extract
Cumin (Jeera),mixed spices cumin powder
Cumin (Jeera),mixed spices cumin seeds powder
Cumin (Jeera),mixed spices cuminextract
Cumin (Jeera),mixed spices roasted spice powder cumin
Cumin (Jeera),roasted cumin seeds
Cumin (Jeera),seasoning masala mix spices and condiments cumin
Cumin (Jeera),seasoning mix spices cumin
Cumin (Jeera),shveta jiraka
Cumin (Jeera),shveta jiraka safed jeera
Cumin (Jeera),spices cumin
Cumin (Jeera),spices cumin powder
Cumin (Jeera),spices cumin seeds
Cumin (Jeera),spices roasted cumin seeds
Cumin (Jeera),spices and condiments cumin
Cumin (Jeera),spices and condiments cumin powder
Cumin (Jeera),spices and condiments roasted cumin powder
Cumin (Jeera),tikka masala seasoning spices cumin
Curd,curd
Curd,toned milk dahi
Curd,toned milk dahi milk solids
Curd,toned milk dahi starter culture
Curd,yoghurt
Curd,yoghurt milk
Curry Leaf,curry ieaves
Curry Leaf,curry leaf
Curry Leaf,curry leaves
Curry Leaf,curry ves garlic
Curry Leaf,spices curry leaves
Cyanocobalamin,cyanocobalamin
Dairy Whitener,dairy whitener
Dates,date paste
Dates,date powder
Dates,date syrup
Dates,dates
Dates,dates powder
Dates,dehydrated fruits dates powder
Dates,dryfruits dates
Dates,fruits dates paste
Dessert,dessert
Dessert,frozen dessert water
Dextrin,batter dextrin
Dextrin,dextrin
DHA,dha
DHA,vegan dha
Diluent (INS 1520),diluent ins 1520
Diphosphates (INS 450),stabilizer ins 450 (iii)
Diphosphates (INS 450),stabilizer ins 450
Disodium Guanylate (INS 627),dried vegetables flavour enhancer ins 627
Disodium Guanylate (INS 627),flavour enhancer disodium 5'- guanylate
Disodium Guanylate (INS 627),flavour enhancer disodium guanylate
Disodium Guanylate (INS 627),flavour enhancer ins 627
Disodium Guanylate (INS 627),mixed masala powder flavour enhancer ins 627
Disodium Guanylate (INS 627),seasoning disodium guanylate
Disodium Guanylate (INS 627),seasoning flavour enhancer ins 627
Disodium Inosinate (INS 631),dried vegetables flavour enhancer ins 631
Disodium Inosinate (INS 631),flavour enhancer disodium inosinate
Disodium Inosinate (INS 631),flavour enhancer ins 631
Disodium Inosinate (INS 631),ins 631
Disodium Inosinate (INS 631),mixed masala powder flavour enhancer ins 631
Disodium Inosinate (INS 631),seasoning disodium inosinate
Disodium Inosinate (INS 631),seasoning flavour enhancer ins 631
DL-Alpha-Tocopherol,antioxidant dl-alpha-tocopherol
DL-Alpha-Tocopherol,dl-alpha-tocopheryl acetate
Edible Gum,edible gum
Edible Gum,gum arabic
Edible Gum,honey bbq seasoning gum arabic
Edible Gum,mixed masala powder stabilizer ins 414
Edible Gum,stabilizer ins 414
Edible Gum,emulsifier ins 414
Edible Gum,stabilizer ins 418
Edible Starch,edible starch
Edible Starch,starch
Edible Starch,wheat cocoa crispy balls edible starch
Edible Starch,potato starch
Edible Starch,unmodified potato starch
Edible Starch,carrot cereal mix pieces starch
Edible Vegetable Fat,centre fractionated fat
Edible Vegetable Fat,edible vegetable fat
Edible Vegetable Fat,edible vegetable fat interesterified palm kernel oil
Edible Vegetable Fat,edible vegetable fat interesterified palm oil
Edible Vegetable Fat,edible vegetable fats
Edible Vegetable Fat,fractionated fat
Edible Vegetable Fat,fractionated vegetable fat
Edible Vegetable Fat,fractionated vegetable fats
Edible Vegetable Fat,hydrogenated edible vegetable fat
Edible Vegetable Fat,hydrogenated oils
Edible Vegetable Fat,hydrogenated palm fat
Edible Vegetable Fat,hydrogenated vegetable fat
Edible Vegetable Fat,hydrogenated vegetable fats
Edible Vegetable Fat,hydrogenated vegetable fats sesame oil
Edible Vegetable Fat,interesterified vegetable fat
Edible Vegetable Fat,interesterified vegetable fat palm oil
Edible Vegetable Fat,interesterified vegetable fat sesame oil
Edible Vegetable Fat,partially hydrogenated refined vegetable oils
Edible Vegetable Fat,vegetable fat
Edible Vegetable Fat,vegetable fats
Edible Vegetable Fat,vegetable fats illipe
Edible Vegetable Fat,vegetable fats kokum gurgi
Edible Vegetable Fat,vegetable fats mango kernel
Edible Vegetable Fat,vegetable fats palm
Edible Vegetable Fat,vegetable fats palm kernel
Edible Vegetable Fat,vegetable fats sal
Edible Vegetable Fat,vegetable fats shea
Edible Vegetable Fat,vegetable fats shea illie mango kernel kokum gurgi sal
Edible Vegetable Fat,hydrogenated vegetable oil
Edible Vegetable Oil,edible oil
Edible Vegetable Oil,edible vegetable oil
Edible Vegetable Oil,edible vegeteble oil
Edible Vegetable Oil,oil
Edible Vegetable Oil,oils
Edible Vegetable Oil,refined vegetable oil
Edible Vegetable Oil,vegetable oil
Edible Vegetable Oil,vegetable oils
Edible Vegetable Oil,seasoning vegetable oil
Edible Vegetable Oil,vegetable oil canola
Edible Vegetable Oil,vegetable oil peanut
Egg,egg
Egg,egg white
Egg,egg white powder
Electrolytes,electrolytes
Emulsifier,emulsfying
Emulsifier,emulsifier
Emulsifier,emulsifiers
Emulsifier,dried brownie and cookie pieces emulsifier ins 322
Emulsifier,potato flakes emulsifier sodium acid pyrophosphate
Emulsifier (INS 433),emulsifier ins 433
Emulsifier (INS 442),cadbury dairy milk emulsifier ins 442
Emulsifier (INS 442),emulsifier ins 442
Emulsifier (INS 445),emulsifier ins 445
Emulsifier (INS 445),stabilizer ins 445
Emulsifier (INS 475),emulsifier ins 475
Emulsifier (INS 476),cadbury dairy milk emulsifier ins 476
Emulsifier (INS 476),chocolate syrup emulsifier ins 476
Emulsifier (INS 476),emulsifier ins 476
Emulsifier (INS 476),emulsifier pgpr
Emulsifier (INS 477),emulsifier ins 477
Emulsifier (INS 477),inner layer ice cream emulsifier ins 477
Emulsifier (INS 492),emulsifier ins 492
Energy,energy
Ergocalciferol,ergocalciferol
Essential Oils,essential oils
Fat,fat
Fat,fat powder
Fat,saturated fat
Fat,total fat
Fennel (Saunf),fennel
Fennel (Saunf),fennel seed
Fennel (Saunf),fennel seed saunf
Fennel (Saunf),fennel seeds
Fennel (Saunf),mixed spices fennel
Fennel (Saunf),mixed spices fennel powder
Fennel (Saunf),organic fennel seed
Fennel (Saunf),saunf fennel seeds
Fennel (Saunf),spices fennel seeds
Fennel (Saunf),spices and condiments fennel
Fennel (Saunf),spices and condiments fennel powder
Fennel (Saunf),spices and condiments finnel powder
Fenugreek (Methi),dehydrated fenugreek leaves
Fenugreek (Methi),dehydrated kasuri methi leaves
Fenugreek (Methi),dried fenugreek leaves
Fenugreek (Methi),fenugreek
Fenugreek (Methi),fenugreek leaves
Fenugreek (Methi),fenugreek powder
Fenugreek (Methi),fenugreek seeds
Fenugreek (Methi),kasuri methi dried fenugreek leaves
Fenugreek (Methi),mix spices fenugreek seed powder and ginger powder
Fenugreek (Methi),mixed spices fenugreek
Fenugreek (Methi),mixed spices fenugreek powder
Fenugreek (Methi),mixed spices kasuri methi
Fenugreek (Methi),mixed spices roasted spice powder fenugreek
Fenugreek (Methi),si fenugreek
Fenugreek (Methi),spices dehydrated kasuri methi leaves
Fenugreek (Methi),spices dried fenugreek leaves
Fenugreek (Methi),spices fenugreek
Fenugreek (Methi),spices and condiments fenugreek
Fenugreek (Methi),spices and condiments fenugreek leaf powder
Ferric Pyrophosphate,ferric pyrophosphate
Ferrous Sulphate,encapsulated ferrous sulphate
Ferrous Sulphate,ferrous sulphate
Fiber,fiber
Fiber,gluco fibre
Fiber,polydextrose
Fiber,polydextrose dietary fiber
Fillers,fillers colloidal silicon dioxide
Fillers,fillers croscarmellose sodium
Fillers,fillers magnesium stearate
Fillers,fillers polyvinyl pyrrolidone
Firming Agent,firming agent ins 170(i)
Flavour Enhancer,flavour enhancer
Flavour Enhancer (INS 508),flavour enhancer ins 508
Flavour Enhancer (INS 508),gelling agent ins 508
Flavour Enhancer (INS 508),potassium chloride gelling agent ins 508
Flavour Enhancer (INS 508),stabilizer ins 508
Flavour Enhancer (INS 508),thickener ins 508
Flavour Enhancer (INS 635),flavour enhancer ins 635
Flavour Enhancer (INS 635),flavour enhancer ins 6351
Flavour Enhancer (INS 635),seasoning flavour enhancer ins 635
Flavouring,cadbury dairy milk natural flavouring
Flavouring,cadbury dairy milk vanilla flavouring
Flavouring,flavouring
Flavouring,flavouring substance
Flavouring,flavouring substances
Flavouring,flavouring)
Flavouring,flavourings
Flavouring,flavourpowder
Flavouring,honey bbq seasoning flavouring
Flavouring,mixed masala powder flavouring
Flavouring,natural flavor
Flavouring,natural flavouring
Flavouring,seasoning flavouring
Flavouring,mixed fruit flavouring
Flavouring,batter flavouring
Flavouring,dried vegetables flavouring
Flavouring,chat masala flavouring
Flavouring,brownie flavouring
Flax Seeds,flax seed
Flax Seeds,flax seed powder
Flax Seeds,flax seeds
Flax Seeds,seeds flax
Flour,flour
Flour Treatment Agent (INS 1101),flour treatment agent ins 1101
Flour Treatment Agent (INS 1101),improver ins 1101
Flour Treatment Agent (INS 516),flour treatment agent ins 516
Folic Acid,folic acid
Folic Acid,pteroylmonoglutamic acid
Folic Acid,vitamins vitamin b9
Fractionated Fat,fractionated fat
French Beans,dehydrated vegetables french beans
French Beans,dried vegetables french beans
French Beans,french bean
French Beans,french beans
Fructo-oligosaccharide,fructo-oligosaccharide
Fructo-oligosaccharide,fructo-oligosaccharides
Fructo-oligosaccharide,fructo-oligosaccharides prebiotic fibre
Fructo-oligosaccharide,fructooligosaccharide
Fructo-oligosaccharide,milk solids minerals fructo-oligosaccharide
Fructo-oligosaccharide,prebiotic fibre fos
Fruit,fruit
Fruit,fruit alphonso mango
Fruit,fruit and vegetable blend
Fruit,fruit solids
Fruit,fruits
Fruit,preserved fruit
Fruit,glazed fruits
Fruit,mixed fruit concentrate
Fudge,fudge
Garam Masala,garam masala
Garcinia Cambogia,garcinia cambogia extract
Garlic,dehydrated garlic
Garlic,dehydrated garlic bits
Garlic,dehydrated garlic powder
Garlic,dried garlic
Garlic,fresh garlic
Garlic,garlic
Garlic,garlic flavouring
Garlic,garlic paste
Garlic,garlic powder
Garlic,ginger garlic paste
Garlic,ground spices and condiments dehydrated vegetable powder garlic
Garlic,honey bbq seasoning garlic powder
Garlic,mixed spices dried garlic
Garlic,mixed spices garlic
Garlic,mixed spices garlic powder
Garlic,salt with spices and condiments dehydrated garlic lahsun
Garlic,seasoning garlic powder
Garlic,seasoning masala mix spices and condiments dried garlic
Garlic,seasoning mix spices garlic
Garlic,spices dried garlic
Garlic,spices garlic
Garlic,spices garlic powder
Garlic,spices and condiments garlic
Garlic,spices and condiments garlic powder
Garlic,tikka masala seasoning garlic powder
Garlic,vegetables freshly minced garlic
Garlic,vegetables garlic
Garlic,vegetables garlic paste
Garlic,roasted garlic flakes
Garlic,mixed spices roasted garlic flakes
Ghee,clarified butter
Ghee,clarified butter milk fat desi ghee
Ghee,desi ghee
Ghee,ghee
Ghee,ghee clarified butter
Ghee,organic cow ghee desi cow ghee
Ginger,dried ginger
Ginger,dried ginger powder
Ginger,dry ginger
Ginger,dry ginger powder
Ginger,fresh ginger
Ginger,ginger
Ginger,ginger adrak
Ginger,ginger extract
Ginger,ginger garlic paste
Ginger,ginger paste
Ginger,ginger powder
Ginger,ginger whole
Ginger,ginger zingiber officinale rhizome
Ginger,ground spices and condiments ginger
Ginger,masala flavouring ginger
Ginger,mixed spices dried ginger
Ginger,mixed spices dried ginger powder
Ginger,mixed spices ginger
Ginger,mixed spices ginger powder
Ginger,mixed spices roasted spice powder ginger
Ginger,organic ginger rhizome
Ginger,organic ginger root
Ginger,salt with spices and condiments ginger adrak
Ginger,seasoning masala mix spices and condiments dried ginger
Ginger,seasoning mix spices ginger
Ginger,sonth dry ginger
Ginger,spices dried ginger
Ginger,spices ginger
Ginger,spices ginger powder
Ginger,spices and condiments dried ginger
Ginger,spices and condiments ginger
Ginger,spices and condiments ginger powder
Ginger,sunthi
Ginger,sunthi satva ginger
Glazing Agent (INS 903),glazing agent ins 903
Glucose Syrup,caramel sauce corn syrup
Glucose Syrup,carrot cereal mix pieces glucose syrup
Glucose Syrup,corn syrup
Glucose Syrup,dried glucose syrup
Glucose Syrup,dried glucose syrup contains gluten
Glucose Syrup,glucose syrup
Glucose Syrup,liquid glucose
Glucose Syrup,seasoning corn syrup solids
Glucose Syrup,topping sauce liquid glucose
Glucose Syrup,dried brownie and cookie pieces liquid glucose
Glucose Syrup,spinach rice flakes glucose syrup
Gluten,asafoetida powder gluten
Gluten,gluten
Gluten,wheat gluten
Gluten,dehydrated bread gluten
Glycerol (INS 422),humectant glycerol
Glycerol (INS 422),humectant ins 422
Glycerol Ester of Rosin,glycerol ester of rosin
Grape,concentrated fruit juices red grape
Grape,grape juice
Grape,grape pulp
Grape,grape seed extract
Green Apple,green apple
Green Cardamom (Elaichi),cardamom
Green Cardamom (Elaichi),cardamom amomum
Green Cardamom (Elaichi),cardamom elaichi
Green Cardamom (Elaichi),cardamom flavouring
Green Cardamom (Elaichi),cardamom green
Green Cardamom (Elaichi),cardamom powder
Green Cardamom (Elaichi),cardamom seed
Green Cardamom (Elaichi),cardamom seeds flavouring
Green Cardamom (Elaichi),cardamom whole
Green Cardamom (Elaichi),elaichi cardamom
Green Cardamom (Elaichi),elaichi cardamom extract
Green Cardamom (Elaichi),elaichi flavouring
Green Cardamom (Elaichi),green cardamom
Green Cardamom (Elaichi),green cardamom powder
Green Cardamom (Elaichi),ground spices and condiments cardamom
Green Cardamom (Elaichi),illaichi cardamom
Green Cardamom (Elaichi),kesar elaichi ripple
Green Cardamom (Elaichi),mix spices cardamom powder
Green Cardamom (Elaichi),mixed spices cardamom
Green Cardamom (Elaichi),mixed spices cardamom powder
Green Cardamom (Elaichi),mixed spices cardamom powder elaichi
Green Cardamom (Elaichi),mixed spices green cardamom powder
Green Cardamom (Elaichi),mixed spices roasted spice powder green cardamom
Green Cardamom (Elaichi),nuts cardamom
Green Cardamom (Elaichi),salt with spices and condiments cardamom choti elaichi
Green Cardamom (Elaichi),seasoning masala mix spices and condiments cardamom
Green Cardamom (Elaichi),small cardamom
Green Cardamom (Elaichi),spices cardamom
Green Cardamom (Elaichi),spices green cardamom powder
Green Cardamom (Elaichi),spices and condiments cardamom
Green Cardamom (Elaichi),spices and condiments green cardamom
Green Gram,green gram flakes
Green Gram,husked green gram
Green Gram,moong beans
Green Gram,moong dal
Green Gram,mung beans
Green Gram,split green gram
Green Gram,whole green moong
Green Peas,dehydrated vegetables green peas
Green Peas,dried vegetables green peas
Green Peas,green pea
Green Peas,green peas
Green Peas,peas
Green Peas,vegetable mix green peas
Green Peas,vegetables peas
Green Peas,dried vegetables peas
Green Tea,green tea
Green Tea,green tea camellia sinensis
Green Tea,green tea extract
Green Tea,green tea flavouring
Green Tea,green tea leaves
Green Tea,green tea leaves jasmine
Green Tea,organic green tea camellia sinensis
Groundnut Oil,edible vegetable oil ground nut
Groundnut Oil,edible vegetable oil groundnut oil
Groundnut Oil,groundnut oil
Groundnut Oil,refined groundnut oil
Guar Gum (INS 412),emulsifying agent ins 412
Guar Gum (INS 412),guar gum
Guar Gum (INS 412),stabilizer guar gum
Guar Gum (INS 412),stabilizer guar gum ins 412
Guar Gum (INS 412),stabilizer ins 412
Guar Gum (INS 412),stabilizing agent ins 412
Guar Gum (INS 412),thickener ins 412
Guar Gum (INS 412),thickening agent ins 412
Guar Gum (INS 412),inner layer ice cream stabilizer ins 412
Guar Gum (INS 412),chocolate flavoured confectionery stabilizer ins 412
Guava,dehydrated fruits guava
Guava,guava flavouring
Guava,guava juice
Guava,guava pulp
Guava,guava puree
Guava,guava puree concentrate
Hazelnut,chopped roasted hazelnuts
Hazelnut,hazelnut
Hazelnut,hazelnut flavouring
Hazelnut,hazelnut paste
Hazelnut,hazelnut pieces
Hazelnut,hazelnuts
Hazelnut,roasted hazelnuts
Herb,herb
Herb,herbs
Herb,seasoning herb
Hibiscus,hibiscus
Honey,blossom honey
Honey,honey
Honey,honey flavouring
Honey,honeydew honey
Honey,seasoning honey
Honey,honey bbq seasoning honey
Humectant,humectant
Humectant,humectant ins 451
Humectant,humectant ins 451(i)
Humectant,humectant ins 452
Hyaluronic Acid,hyaluronic acid
Hydrolyzed Vegetable Protein,dried vegetables hydrolysed vegetable protein
Hydrolyzed Vegetable Protein,hydrolysed vegetable protein
Hydrolyzed Vegetable Protein,hydrolyzed groundnut protein
Hydrolyzed Vegetable Protein,hydrolyzed vegetable protein
Hydrolyzed Vegetable Protein,hydrolyzed vegetable protein maltodextrin
Hydrolyzed Vegetable Protein,mixed masala powder hydrolyzed vegetable protein
Hydroxypropyl Methylcellulose (INS 464),stabilizer ins 464
Ice Cream,ice cream
Ice Cream,inner layer ice cream water
Ice Cream,inner layer ice cream liquid glucose
Ice Cream,kw slow churned chocolate ice cream
Improver Enzyme,improver enzyme
Ingredients,ingredients
Inositol,inositol
Inositol,milk solids inositol
Iodate,iodate
Iron,electrolytic iron
Jaggery,jaggery
Jaggery,jaggery powder
Jam,jam
Jamun,concentrated jamun juice
Jamun,jamun flavouring
Jamun,jamun pulp
Jowar (Sorghum),cereals jowar millet
Jowar (Sorghum),jowar
Jowar (Sorghum),jowar sorghuin
Jowar (Sorghum),millet flakes and puff mix jowar
Jowar (Sorghum),millet jowar meal
Jowar (Sorghum),millet puff mix jowar
Jowar (Sorghum),millets whole grain jowar
Jowar (Sorghum),mixed millet flour jowar flour
Jowar (Sorghum),multigrain flour blend jowar
Jowar (Sorghum),slurrp farm grain blend jowar
Jowar (Sorghum),slurrp farm organic grain blend jowar
Jowar (Sorghum),supergrain blend jowar
Juice Concentrate,juice concentrate
Kachri,dehydrated kachri
Kalonji,kalonji
Kalonji,kalonji seed
Kalonji,mixed spices kalonji
Kalonji,spices kalonji seed
Kewra,kewra flavouring
Khar,khar alkaline salt
Kiwi,kiwi juice concentrate
L-Carnitine,l-carnitine
L-Carnitine,milk solids l-carnitine
Lactic Acid (INS 270),acidity regulator ins 270
Lactobacillus,lactobacillus acidophilus
Lactobacillus,lactobacillus rhamnosus
Lactobacillus,lactobilus casei
Lactose,lactose
Lactose,lactose-rich deproteinized whey permeate powder
Lactose,seasoning lactose
Lactose,tikka masala seasoning lactose
Leavening Agent,biscuit leavening agent ins 500
Leavening Agent,biscuit leavening agent ins 5030
Leavening Agent,dried brownie and cookie pieces leavening agent ins 500
Leavening Agent,leavening agent ins 341
Leavening Agent,leavening agent ins 450
Leavening Agent,raising agent ins 341
Lecithin (INS 322),chocolate lecithin ins 322
Lecithin (INS 322),dark chocolate coverture soy lecithin
Lecithin (INS 322),emulsifier ins 322
Lecithin (INS 322),emulsifier ins 322 (1)
Lecithin (INS 322),emulsifier ins 322(i)
Lecithin (INS 322),emulsifier lecithin
Lecithin (INS 322),emulsifier lecithin rapeseed
Lecithin (INS 322),emulsifier lecithin soy
Lecithin (INS 322),emulsifier lecithin sunflower
Lecithin (INS 322),emulsifier lecithins
Lecithin (INS 322),emulsifier soy lecithin
Lecithin (INS 322),emulsifier soya lecithin
Lecithin (INS 322),emulsifier soya lecithins
Lecithin (INS 322),emulsifier sunflower lecithin
Lecithin (INS 322),emulsifier sunflower lecithins
Lecithin (INS 322),emulsifier – lecithin (soy)
Lecithin (INS 322),emulsifiers lecithins
Lecithin (INS 322),soy lecithin
Lecithin (INS 322),soya lecithin
Lecithin (INS 322),sunflower lecithin
Lecithin (INS 322),sunflower lecithins
Lecithin (INS 322),white chocolate emulsifier soy lecithin
Leek,dehydrated vegetables leeks
Lemon,concentrated lemon juice
Lemon,dehydrated fruits lemon
Lemon,extracts and oils lemon
Lemon,lemon
Lemon,lemon flavouring
Lemon,lemon fruit powder
Lemon,lemon juice
Lemon,lemon juice concentrate
Lemon,lemon juice powder
Lemon,lemon powder
Lemon,nimbu pani flavouring
Lemon,seasoning lemon powder
Lemongrass,lemongrass cymbopogon citratus leaf
Lemongrass,organic lemongrass leaf
Lentils,lentil
Lentils,lentil protein
Lentils,lentils
Lentils,masoor
Lentils,masoor dal split
Lentils,red lentils
Lentils,split yellow lentils
Lime,lime
Lime,lime flavouring
Lime,lime juice
Lime,mosambi juice concentrate
Lime,sweet lime mosambi juice concentrate
Liquorice,liquorice glycyrrhiza glabra bark
Liquorice,mulethi
Liquorice,mulethi licorice root
Litchi,litchi flavouring
Litchi,litchi pulp
Locust Bean Gum (INS 410),chocolate flavoured confectionery stabilizer ins 410
Locust Bean Gum (INS 410),inner layer ice cream stabilizer ins 410
Locust Bean Gum (INS 410),locust bean gum
Locust Bean Gum (INS 410),stabilizer ins 410
Locust Bean Gum (INS 410),stabilizer locust bean gum
Long Pepper,long pepper
Long Pepper,mixed spices long pepper powder
Long Pepper,pipali piper longum
Long Pepper,pippali
Long Pepper,pippali long pepper
Long Pepper,spices and condiments long pepper
Lotus Seeds,lotus seeds
Lotus Seeds,seeds lotus
Lubrication,lubrication
Lycopene,lycopene
Mace (Javitri),javitri mace
Mace (Javitri),mace
Mace (Javitri),mace four
Mace (Javitri),mace powder
Mace (Javitri),mix spices mace powder
Mace (Javitri),mixed spices mace powder
Mace (Javitri),spices mace
Mace (Javitri),spices and condiments mace
Mace (Javitri),spices and condiments mace powder
Mace (Javitri),turmeric mace
Mace (Javitri),ground spices and condiments mace
Magnesium,magnesium
Magnesium,magnesium hydrogen phosphate
Magnesium,magnesium oxide
Magnesium,magnesium phosphate dibasic
Magnesium,salts of magnesium
Magnesium Chloride,magnesium chloride
Maida,batter wheat flour
Maida,biscuit cone refined wheat flour maida
Maida,biscuit refined wheat flour maida
Maida,bread crumb refined wheat flour maida
Maida,bread crumbs wheat flour
Maida,breadcrumbs wheat flour
Maida,dal kachori wheat flour
Maida,dried brownie and cookie pieces refined wheat flour maida
Maida,dried vegetables wheat powder
Maida,fine wheat flour
Maida,fortified wheat flour calcium carbonate
Maida,fortified wheat flour iron
Maida,fortified wheat flour niacin
Maida,fortified wheat flour thiamin
Maida,fortified wheat flour thiamine
Maida,fortified wheat flour wheat flour
Maida,instant noodle powder maida refined wheat flour
Maida,instant noodle powder refined wheat flour maida
Maida,maida
Maida,noodle powder refined wheat flour
Maida,noodles: refined wheat flour maida
Maida,refined flour
Maida,refined flour maida
Maida,refined wheat flour
Maida,refined wheat flour maida
Maida,rice crispies wheat flour
Maida,wheat cocoa crispy balls refined wheat flour maida
Maida,wheat flour
Maida,wheat flour calcium
Maida,wheat flour iron
Maida,wheat flour maida
Maida,wheat flour niacin
Maida,wheat flour thiamin
Maida,wheat powder
Maida,wheatflour
Malic Acid (INS 296),acidity regulator ins 296
Malic Acid (INS 296),acidity regulator malic acid ins 296
Malic Acid (INS 296),acidulant ins 296
Malic Acid (INS 296),malic acid
Malic Acid (INS 296),malic acid ins 296
Malic Acid (INS 296),seasoning acidity regulator ins 296
Malic Acid (INS 296),seasoning malic acid
Malic Acid (INS 296),acidity regulator ins 196
Malt,malted wheat
Malt Extract,cereal extract
Malt Extract,malt extract
Malt Extract,malt extract solids
Malt Extract,milkotin malt extract
Malt Extract,rice crispies malt extract
Maltitol (INS 965),maltitol
Maltitol (INS 965),maltitol ins 965(i)
Maltodextrin,carrot cereal mix pieces maltodextrin
Maltodextrin,chocolate flavoured confectionery maltodextrin
Maltodextrin,corn maltodextrin
Maltodextrin,honey bbq seasoning maltodextrin
Maltodextrin,hydrolyzed vegetable protein maltodextrin
Maltodextrin,iodized salt maltodextrin
Maltodextrin,maltodextrin
Maltodextrin,milk solids maltodextrin
Maltodextrin,mixed masala powder maltodextrin
Maltodextrin,seasoning corn maltodextrin
Maltodextrin,seasoning maltodextrin
Maltodextrin,soya sauce powder maltodextrin
Maltodextrin,thickener maltodextrin
Maltodextrin,tikka masala seasoning maltodextrin
Maltodextrin,wheat maltodextrin
Manganese Sulphate,manganese sulphate
Mango,alphonso mango fruit preparation
Mango,alphonso mango pulp
Mango,concentrated mango pulp
Mango,dehydrated fruits raw mango
Mango,dehydrated mango puree
Mango,dried mango
Mango,dried mango powder
Mango,dry mango
Mango,dry mango powder
Mango,fruit powder blend mango
Mango,ground spices and condiments dry mango
Mango,kesar mango pulp
Mango,mango
Mango,mango bits
Mango,mango flavouring
Mango,mango flavouring confectionery
Mango,mango fruit powder
Mango,mango juice
Mango,mango juice powder
Mango,mango powder
Mango,mango pulp
Mango,mango pulp acidity regulator ins 330
Mango,mango pulp mango
Mango,mango puree
Mango,mango puree concentrate
Mango,mango solids
Mango,mangoes
Mango,mixed spices dried mango powder
Mango,raw mango flavouring
Mango,salt with spices and condiments dried mango slices
Mango,spices dried mango powder
Mango,spices mango
Mango,spices mango powder
Mango,spices mango powder dried fenugreek leaves
Mango,spices and condiments amchur
Mango,spices and condiments dried mango powder
Mango,spices and condiments dry mango powder
Mango,tropical juice powder mango
Menthol,menthol
Milk,chcolate milk
Milk,cow milk
Milk,double toned milk
Milk,milk
Milk,partly skimmed milk
Milk,pasteurised amul milk
Milk,pasteurised toned milk
Milk,raw milk
Milk,reconstituted skim milk
Milk,reconstituted skimmed milk
Milk,skimmed milk
Milk,skimmed milk concentrate
Milk,standardized milk
Milk,tikka masala seasoning skim milk
Milk,toned milk
Milk Chocolate Compound,milk compound chips
Milk Components,milk components
Milk Flavouring,milk flavouring
Milk Flavouring,milk masala flavouring
Milk Powder,camel milk powder
Milk Powder,dried skimmed milk
Milk Powder,dried whole milk
Milk Powder,milk powder
Milk Powder,milk powders skimmed
Milk Powder,milk powders whole
Milk Powder,skimmed milk powder
Milk Powder,whole milk powder
Milk Products,dairy
Milk Products,milk products
Milk Protein,milk protein
Milk Protein,milk protein concentrate
Milk Protein,milk solids casein
Milk Protein,milk solids whey protein concentrate
Milk Protein,proteins from whey
Milk Protein,whey protein
Milk Protein,whey protein concentrate
Milk Protein,whey proteinconcentrate
Milk Protein,whey proteins
Milk Protein,why protein isolate
Milk Solids,cadbury dairy milk milk solids
Milk Solids,centre filling milk solids
Milk Solids,chocolate flavoured confectionery milk solids
Milk Solids,concentrated milk solids
Milk Solids,condensed milk-solid balls khoya
Milk Solids,cottage cheese milk solids
Milk Solids,dairy
Milk Solids,dried brownie and cookie pieces milk solids
Milk Solids,ice cream milk solids
Milk Solids,inner layer ice cream milk solids
Milk Solids,khoya
Milk Solids,milk based mix milk solids
Milk Solids,milk solid
Milk Solids,milk solids
Milk Solids,milk solids bifidobacterium lactis
Milk Solids,milk solids chena milk casein balls
Milk Solids,milk solids chhanna
Milk Solids,milk solids color ins 160b
Milk Solids,milk solids dha
Milk Solids,milk solids full cream milk
Milk Solids,milk solids inositol
Milk Solids,milk solids l-carnitine
Milk Solids,milk solids maltodextrin
Milk Solids,milk solids minerals fructo-oligosaccharide
Milk Solids,milk solids nucleotides
Milk Solids,milk solids peanut oil
Milk Solids,milk solids skimmed milk powder
Milk Solids,milk solids standardised milk
Milk Solids,milk solids sugar
Milk Solids,milk solids taurine
Milk Solids,milk solids thickener ins 415
Milk Solids,milk solids vitamins
Milk Solids,milkotin milk solids
Milk Solids,mix solids
Milk Solids,seasoning milk solids
Milk Solids,seasoning modified milk ingredients
Milk Solids,snf
Milk Solids,tikka masala seasoning sour cream skim milk
Milk Solids,toned milk dahi milk solids
Milk Solids,whey solids milk
Milk Solids,solids
Millet,cereal extract millets
Millet,foxtail millet navane
Millet,instant noodle powder mixed millet flour bajra flour
Millet,instant noodle powder mixed millet flour foaltail millet flour
Millet,instant noodle powder mixed millet flour jowar flour
Millet,instant noodle powder mixed millet flour ragi flour
Millet,millet
Millet,millet flakes
Millet,millet flakes and puff mix bajra
Millet,millet flakes and puff mix jowar
Millet,millet flakes and puff mix quinoa
Millet,millet flakes and puff mix ragi
Millet,millet jowar meal
Millet,millet puff mix bajra
Millet,millet puff mix jowar
Millet,millet puff mix quinoa
Millet,millet puff mix ragi
Millet,millets
Millet,millets foxtail
Millet,millets saamai
Millet,millets whole grain jowar
Millet,millets whole grain ragi
Millet,mixed millet flour bajra flour
Millet,mixed millet flour foaltail millet flour
Millet,mixed millet flour jowar flour
Millet,mixed millet flour ragi flour
Millet,multigrain mix foxtail millet
Millet,multigrain mix kodo millet
Millet,multigrain mix little millet
Millet,multigrain mix ragi
Millet,foxtail millet flour
Millet,mixed millet flour foxtail millet flour
Millet,instant noodle powder mixed millet flour foxtail millet flour
Mineral Salts,mineral salts
Mineral Salts,salts
Minerals,mineral
Minerals,minerals
Minerals,pdw minerals
Minerals,minerals sodium chloride
Mint,dried mint
Mint,menthol
Mint,mint
Mint,mint flavouring
Mint,mint leaf powder
Mint,mint leaves
Mint,mint oils
Mint,mint puree
Mint,pudina flavouring
Mint,pudina mint
Mint,salt with spices and condiments mint
Mint,spices and condiments mint
Mint,vegetables mint puree
Mint,extracts and oils peppermint
Mint,extracts and oils spearmint
Mint,peppermint
Modified Starch,caramel sauce modified corn starch
Modified Starch,caramel sauce modified tapioca starch
Modified Starch,dried brownie and cookie pieces modified starch ins 1442
Modified Starch,modified starch
Modified Starch,modified starch maize
Modified Starch,modified starch tapioca
Modified Starch,thickener ins 1442
Moisture,moisture
Molasses,honey bbq seasoning molasses
Monk Fruit,monk
Monk Fruit,monk fruit extract
Mono and Diglycerides of Fatty Acids (INS 471),caramel sauce mono and diglycerides
Mono and Diglycerides of Fatty Acids (INS 471),chocolate flavoured confectionery emulsifier ins 471
Mono and Diglycerides of Fatty Acids (INS 471),emulsifier ins 471
Mono and Diglycerides of Fatty Acids (INS 471),emulsifier ins 471 plant origin
Mono and Diglycerides of Fatty Acids (INS 471),emulsifier mono and diglycerides of fatty acids ins 471
Mono and Diglycerides of Fatty Acids (INS 471),emulsifier mono- and diglycerides of fatty acids
Mono and Diglycerides of Fatty Acids (INS 471),emulsifiers mono- and diglycerides of fatty acids
Mono and Diglycerides of Fatty Acids (INS 471),inner layer ice cream emulsifier ins 471
Mono and Diglycerides of Fatty Acids (INS 471),mono and diglycerides
Mono and Diglycerides of Fatty Acids (INS 471),mono- and diglycerides of fatty acids
Mono and Diglycerides of Fatty Acids (INS 471),mono-and diglycerides
Mono and Diglycerides of Fatty Acids (INS 471),potato flakes emulsifier ins 471
Mono and Diglycerides of Fatty Acids (INS 471),stabilizer ins 471
Monohydrate,monohydrate
Monopotassium Phosphate,monopotassium phosphate
Monosodium Glutamate,seasoning monosodium glutamate
Moth Bean Flour,dew bean flour moth flour
Moth Bean Flour,husked dew moth bean flour
Moth Bean Flour,moth bean flour
Moth Bean Flour,whole dew bean moth
Multigrain Mix,multigrain mix oats
Multivitamins,multivitamins
Mushroom,oyster mushroom
Mustard,mixed spices mustard
Mustard,mustard
Mustard,mustard leaves
Mustard,mustard oil
Mustard,mustard seeds
Mustard,mustard whole
Mustard,roasted mustard seeds
Mustard,spices mustard
Mustard,spices roasted mustard seed
Mustard,spices and condiments culinary paste
Navsadar,navsadar
Niacin (Vitamin B3),niacin
Niacin (Vitamin B3),nicotinamide
Niacin (Vitamin B3),vitamins vitamin b3
Nucleotides,milk solids nucleotides
Nucleotides,nucleotides
Nut,nut
Nut,nut pieces
Nut,nuts
Nut,tree nuts
Nutmeg (Jaiphal),ground spices and condiments nutmeg
Nutmeg (Jaiphal),jaifal nutmeg
Nutmeg (Jaiphal),mix spices nutmeg powder
Nutmeg (Jaiphal),mixed spices nutmeg
Nutmeg (Jaiphal),mixed spices nutmeg powder
Nutmeg (Jaiphal),mixed spices roasted spice powder nutmeg
Nutmeg (Jaiphal),nutmeg
Nutmeg (Jaiphal),nutmeg powder
Nutmeg (Jaiphal),organic nutmeg
Nutmeg (Jaiphal),seasoning masala mix spices and condiments nutmeg
Nutmeg (Jaiphal),spices nutmeg
Nutmeg (Jaiphal),spices nutmeg powder
Nutmeg (Jaiphal),spices and condiments nutmeg
Nutmeg (Jaiphal),spices and condiments nutmeg powder
Nuts Paste,nuts paste
Oats,instant oats
Oats,multigrain flour blend oat
Oats,oat
Oats,oat flour
Oats,oats
Oats,oats flour
Oats,rolled oats
Oats,whole grain quick oats
Oats,whole grains rolled oats
Oats,cereals oats
Okra,okra
Olive Oil,olive oil
Onion,dehydrated onion
Onion,dehydrated vegetables onion
Onion,dehydrated vegetables onion flavouring
Onion,dehydrated white onion powder
Onion,extracts and oils onion
Onion,fried onion
Onion,ground spices and condiments dehydrated vegetable powder orion
Onion,honey bbq seasoning onion powder
Onion,masala mix dehydrated vegetable onion
Onion,mixed spices onion
Onion,mixed spices onion powder
Onion,onion
Onion,onion flavouring agent
Onion,onion powder
Onion,onion powder sulphites
Onion,onions
Onion,salt with spices and condiments dehydrated onion sukha pyaj
Onion,seasoning mix spices onion
Onion,seasoning onion powder
Onion,spring onion
Onion,spices dehydrated onion
Onion,spices onion
Onion,spices and condiments onion
Onion,spices and condiments onion powder
Onion,spices and condiments onion powder flavouring
Onion,tikka masala seasoning onion powder
Onion,toasted onion flakes
Onion,toasted onion flakes onion and corn oil
Onion,toasted onion powder
Onion,white onion
Onion,dried vegetables onion flakes
Onion,dried vegetables onion
Onion,instant noodle powder onion powder
Onion,mixed spices dehydrated onion
Orange,concentrated orange juice
Orange,dehydrated orange juice
Orange,orange extract
Orange,orange flavouring
Orange,orange fruit powder
Orange,orange juice
Orange,orange juice concentrate
Orange,orange peel powder
Orange,orange peels
Orange,orange powder
Orange,orange pulp
Orange,tropical juice powder orange
Orange,glazed peel
Oregano,dried oregano
Oregano,oregano
Oregano,spices and condiments oregano
Palm Oil,baker shortening palm oil
Palm Oil,biscuit palm olein
Palm Oil,chocolate flavoured confectionery palm oil
Palm Oil,chocolate substitute refined palm kernel oil
Palm Oil,chocolate substitute refined palm oil
Palm Oil,dried brownie and cookie pieces palm oil
Palm Oil,edible vegetable oil palm
Palm Oil,edible vegetable oil palm and sunflower oil
Palm Oil,edible vegetable oil palm kernel
Palm Oil,edible vegetable oil palm oil
Palm Oil,edible vegetable oil palmolein
Palm Oil,edible vegetable oil palmolein and palm oil
Palm Oil,edible vegetable oil palmolein oil
Palm Oil,edible vegetable oil refined palm oil
Palm Oil,edible vegetable oil refined palmolein oil
Palm Oil,hydrogenated palm oil
Palm Oil,interesterified vegetable fat palm oil
Palm Oil,palm fat
Palm Oil,palm kernel oil
Palm Oil,palm oil
Palm Oil,palm olein
Palm Oil,palm superolein
Palm Oil,palmolein
Palm Oil,palmolein oil
Palm Oil,palmolien oil
Palm Oil,refined pairnolen oil
Palm Oil,refined palm oil
Palm Oil,refined palmolein
Palm Oil,refined palmolein oil
Palm Oil,refined vegetable oil palmolein oil
Palm Oil,refines palmolein oil
Palm Oil,vegetable oil palm
Palm Oil,vegetable oil palm oil
Palm Oil,vegetable oil palmolein
Palm Oil,instant noodle powder refined palm oil
Palm Sugar,palm sugar
Pantothenic Acid (Vitamin B5),pantothenic acid
Pantothenic Acid (Vitamin B5),vitamins vitamin b5
Papain,papain papaya
Papain,proabsor8 blend papain
Papaya,papaya pulp
Papaya,papaya puree
Paprika,bread crumb spices and condiments paprika
Paprika,color paprika extract
Paprika,color paprika oleoresin ins 160c
Paprika,honey bbq seasoning paprika extracts
Paprika,paprika
Paprika,tikka masala seasoning paprika extracts
Paprika,color ins 160c
Paprika,color ins 160c(i)
Paprika,mixed spices paprika
Parsley,dehydrated parsley
Parsley,dehydrated vegetables parsley
Parsley,parsley
Parsley,parsley leaves
Parsley,seasoning parsley
Parsley,spices and condiments parsley leaf powder
Parsley,spices and condiments parsley powder flavouring
Passion Fruit,passion fruit
Pea Protein,pea protein
Pea Protein Isolate,pea protein isolate
Peach,peach juice
Peach,peach pulp
Peanut,ground roasted peanuts
Peanut,groundnut peanuts
Peanut,nuts and pulses peanuts
Peanut,nuts peanut
Peanut,nuts peanuts
Peanut,peanut flour
Peanut,peanut oil
Peanut,peanut oil peanuts
Peanut,peanut protein powder
Peanut,peanuts
Peanut,roasted peanut
Peanut,roasted peanuts
Pear,pear pulp
Pectin (INS 440),emulsifier ins 440
Pectin (INS 440),gelling agent ins 440
Pectin (INS 440),pectin ins 440
Pectin (INS 440),stabilizer ins 440
Pectin (INS 440),stabilizer ins e440
Pectin (INS 440),thickener ins 440
Pepper,pepper
Pepper,seasoning mix spices pepper
Pepper,spices pepper
Pepper,spices and condiments pepper
Pepper,spices and condiments pepper powder flavouring
Pepper,mixed spices schezwan pepper
Pepper,spices schezwan pepper
Phenylalanine,phenylalaline
Phosphate,phosphate
Phosphate,phosphorous
Phytomenadione,phytomenadione
Pigeon Pea,lentil pigeon peas lentil
Pigeon Pea,pigeon pea
Pigeon Pea,split pulse red gram
Pigeon Pea,split red gram
Pigeon Pea,toor dal
Pineapple,mixed fruit juice concentrate pineapple juice concentrate
Pineapple,pineapple
Pineapple,pineapple flavouring
Pineapple,pineapple fruit preparation
Pineapple,pineapple juice
Pineapple,pineapple juice concentrate
Pineapple,pineapple pulp
Pineapple,tropical juice powder pineapple
Pineapple,dehydrated fruits pineapple
Pistachio,nuts pista
Pistachio,nuts pistachio
Pistachio,pista
Pistachio,pista flavouring
Pistachio,pistachio
Pistachio,pistachio nuts
Pistachio,pistachio pieces
Pistachio,pistachios
Plant Vitamins,plant vitamins
Plum,plum
Plum,plum pulp
Polysorbate 60 (INS 435),stabilizer ins 435
Polyvinylpyrrolidone (INS 1201),stabilizer ins 1201
Pomegranate,concentrated fruit juices pomegranate
Pomegranate,dadima anar seeds punica granatum
Pomegranate,pomegranate flavouring
Pomegranate,pomegranate flower
Pomegranate,pomegranate juice
Pomegranate,pomegranate juice concentrate
Pomegranate,pomegranate powder
Pomegranate,pomegranate seed powder
Pomegranate,pomegranate seeds
Pomegranate,spices and condiments anardana powder
Poppy Seed,poppy seed
Potassium,potassium
Potassium Benzoate (INS 212),preservative ins 212
Potassium Bicarbonate,acidity regulator potassium hydrogen carbonate
Potassium Bicarbonate,potassium bicarbonate
Potassium Bicarbonate,potassium hydrogen carbonate
Potassium Carbonates (INS 501),acidity regulator ins 501
Potassium Carbonates (INS 501),acidity regulator ins 501(i)
Potassium Carbonates (INS 501),acidity regulator potassium carbonate
Potassium Carbonates (INS 501),potassium carbonate
Potassium Chloride,mineral salts
Potassium Chloride,minerals potassium chloride
Potassium Chloride,potassium chloride
Potassium Chloride,salt substitute potassium chloride
Potassium Chloride,seasoning salt substitute potassium chloride
Potassium Citrate (INS 332),acidity regulator ins 332
Potassium Citrate (INS 332),minerals potassium citrate
Potassium Citrate (INS 332),potassium citrate
Potassium Ferrocyanide (INS 536),anticaking agent ins 536
Potassium Ferrocyanide (INS 536),anticaking agent potassium ferrocyanide
Potassium Iodate,potassium iodate
Potassium Iodide,potassium iodide
Potassium Metabisulphite (INS 224),preservative ins 224
Potassium Phosphates (INS 340),acidity regulator ins 340
Potassium Sorbate (INS 202),caramel sauce potassium sorbate
Potassium Sorbate (INS 202),preservative ins 202
Potassium Sorbate (INS 202),preservative potassium sorbate ins 202
Potato,potatoes
Potato,potato flakes
Potato,potato powder
Potato,potato sticks
Potato,vegetable mix potato
Potato,dehydrated potato flakes
Potato,dried potatoes
Potato,potato flakes potatoes
Potato,dehydrated vegetables potato
Preservative,preservatives
Probiotics,proabsor8 blend bacius clausi
Probiotics,proabsor8 blend baclussubtls
Probiotics,proabsor8 blend pepryme pro protease enryme
Probiotics,proabsor8 blend probiotics bacllus coaguians
Probiotics,probiotic bacillus coagulans
Probiotics,probiotics bacillus coagulans
Probiotics,probiotics blend
Protein,protein
Protein,protein blend
Protein,protein blend wpi
Protein,protein isolate blend
Protein,amino acid blend
Pumpkin Seeds,pumpkin seeds
Pumpkin Seeds,seeds pumpkin
Pyridoxine Hydrochloride,pyridoxine hydrochloride
Quinoa,millet flakes and puff mix quinoa
Quinoa,millet puff mix quinoa
Quinoa,puffed quinoa
Quinoa,quinoa
Radish,radish
Ragi (Finger Millet),millet flakes and puff mix ragi
Ragi (Finger Millet),millet puff mix ragi
Ragi (Finger Millet),millets whole grain ragi
Ragi (Finger Millet),mixed millet flour ragi flour
Ragi (Finger Millet),multigrain flour blend sprouted ragi
Ragi (Finger Millet),multigrain mix ragi
Ragi (Finger Millet),ragi
Ragi (Finger Millet),ragi flour
Ragi (Finger Millet),slurrp farm grain blend sprouted ragi
Ragi (Finger Millet),slurrp farm organic grain blend ragi
Ragi (Finger Millet),supergrain blend isprouted rati
Ragi (Finger Millet),supergrain blend sprouted ragi
Ragi (Finger Millet),sprouted ragi
Raisins,dry fruit raisins
Raisins,dryfruits raisins
Raisins,raisin
Raisins,raisins
Raisins,dehydrated fruits raisins
Rajma,rajma
Rajma,rajmah
Rajma,red kidney beans
Rapeseed Oil,rapeseed oil
Raspberries,raspberries
Resveratrol,resveratrol
Retinyl Acetate,retinyl acetate
Retinyl Palmitate,retinyl palmitate
Riboflavin (Vitamin B2),riboflavin
Riboflavin (Vitamin B2),vitamin b2
Riboflavin (Vitamin B2),vitamins vitamin b2
Rice,basmati rice
Rice,black rice
Rice,brown rice
Rice,cereal products rice meal
Rice,flattened red rice
Rice,flattened rice poha
Rice,multigrain flour blend rice
Rice,puffed rice
Rice,red rice flakes
Rice,rice
Rice,rice crispies
Rice,rice crispies malt extract
Rice,rice crispies salt
Rice,rice crispies sugar
Rice,rice flakes
Rice,rice flour
Rice,rice grits
Rice,rice meal
Rice,rice powder
Rice,rice rava
Rice,slurrp farm grain blend rice
Rice,slurrp farm organic grain blend rice
Rice,supergrain blend rice
Rice,white poha
Rice Bran Oil,edible vegetable oil refined ricebran oil
Rice Bran Oil,edible vegetable oil rice bran
Rice Bran Oil,edible vegetable oil rice bran oil
Rice Bran Oil,refined oil rice bran
Rice Bran Oil,refined rice bran oil
Rice Bran Oil,refined ricebran oil
Rice Bran Oil,rice bran oil
Rice Bran Oil,rice brand edible oil
Rice Bran Oil,vegetable oil rice bran
Rice Flour,batter rice flour
Rice Flour,carrot cereal mix pieces rice flour
Rice Flour,rice crispies rice flour
Rice Flour,rice flour
Robusta Beans,robusta beans
Rock Salt,himalayan pink salt
Rock Salt,rock salt
Rock Salt,rock salt upvas lahori namak
Rose,rose flavouring
Rose,rose petal
Rose,rose water
Rosemary,mixed spices rosemary extract
Rosemary,rosemary
Rosemary,rosemary extract
Rosemary,rosemary extract flavouring
Safflower Oil,safflower seed oil
Saffron (Kesar),kesar
Saffron (Kesar),kesar badam flavouring
Saffron (Kesar),kesar elaichi flavouring
Saffron (Kesar),kesar mango pulp
Saffron (Kesar),saffron
Saffron (Kesar),saffron flavouring
Saffron (Kesar),saffron threads
Saffron (Kesar),topping sauce saffron
Saffron (Kesar),topping sauce saffron flavouring
Saffron (Kesar),kesar flavouring
Sago,sago
Sago,sago powder
Sago,starch sago
Salt,batter salt
Salt,bread crumb lodized salt
Salt,bread crumbs salt
Salt,breadcrumbs iodized salt
Salt,common edible salt
Salt,common salt
Salt,dried brownie and cookie pieces iodised salt
Salt,edible common salt
Salt,edible salt
Salt,honey bbq seasoning salt
Salt,instant noodle powder iodized salt
Salt,instant noodle powder lodized salt
Salt,iodised salt
Salt,iodized salt
Salt,loaded salt
Salt,lodised salt
Salt,lodized salt
Salt,mixed masala powder iodised salt
Salt,mozzarella cheese lodized salt
Salt,rice crispies salt
Salt,safed namak sodium chloride
Salt,salt
Salt,salt safed
Salt,salt with spices and condiments common edible salt
Salt,salt with spices and condiments iodized salt
Salt,seasoning iodised salt
Salt,seasoning salt
Salt,sodium chloride
Salt,soya sauce powder lodized salt
Salt,tikka masala seasoning butter salt
Salt,tikka masala seasoning salt
Salt,sodium
Salts of Sodium,salts of sodium
Sea Salt,sea salt
Sea Salt,Samudra Lavana
Seasoning,seasoning
Seasoning,seasoning spices
Seeds,seeds
Semolina,semolina
Semolina,wheat semolina
Sequestrant (INS 385),sequestrant ins 385
Sesame,hydrogenated vegetable oil vanaspati
Sesame,interesterified vegetable fat sesame oil
Sesame,sesame
Sesame,sesame oil
Sesame,sesame seed
Sesame,sesame seeds
Sesame,seeds sesame
Sesame,vegetable oil sesame oil
Sesbania,sesbania
Shea Butter,shea butter
Silicon Dioxide (INS 551),anticaking agent ins 551
Silicon Dioxide (INS 551),anticaking agent ins e551
Silicon Dioxide (INS 551),anticaking agent silica ins 551
Silicon Dioxide (INS 551),anticaking agent silicon dioxide
Silicon Dioxide (INS 551),anticaking agent silicon dioxide ins 551
Silicon Dioxide (INS 551),mixed masala powder anticaking agent ins 551
Silicon Dioxide (INS 551),salt with spices and condiments anticaking agent ins 551
Sodium Acetate (INS 350),acidity regulator ins 350(1)
Sodium Acetate (INS 350),seasoning sodium acetate
Sodium Alginate (INS 401),stabilizer ins 401
Sodium Alginate (INS 401),topping sauce stabilizer ins 401
Sodium Aluminium Sulphate (INS 521),sodium aluminium sulphate ins 521
Sodium Ascorbate,sodium l-ascorbate
Sodium Ascorbate,vitamin sodium ascorbate
Sodium Benzoate (INS 211),preservative ins 211
Sodium Benzoate (INS 211),preservative sodium benzoate
Sodium Benzoate (INS 211),sodium benzoate
Sodium Carbonates (INS 500),acidity regulator ins 500
Sodium Carbonates (INS 500),acidity regulator ins 500 (i)
Sodium Carbonates (INS 500),acidity regulator ins 500(i)
Sodium Carbonates (INS 500),acidity regulator ins 500(ii)
Sodium Carbonates (INS 500),acidity regulator sodium bicarbonate ins 500(i)
Sodium Carbonates (INS 500),acidity regulator sodium bicarbonate ins 5000
Sodium Carbonates (INS 500),baking soda
Sodium Carbonates (INS 500),biscuit leavening agent ins 500
Sodium Carbonates (INS 500),leavening agent ins 500
Sodium Carbonates (INS 500),leavening agent sodium bicarbonate ins 500
Sodium Carbonates (INS 500),raising agent 1e500(i0)
Sodium Carbonates (INS 500),raising agent ins 500
Sodium Carbonates (INS 500),raising agent ins 500(i)
Sodium Carbonates (INS 500),raising agent ins 500(ii)
Sodium Carbonates (INS 500),raising agent ins 500i
Sodium Carbonates (INS 500),raising agent sodium bicarbonate
Sodium Carbonates (INS 500),raising agent sodium bicarbonate ins 500
Sodium Carbonates (INS 500),raising agent sodium carbonates
Sodium Carbonates (INS 500),raising agent sodium hydrogen carbonate
Sodium Carbonates (INS 500),saji crude sodium carbonate
Sodium Carbonates (INS 500),sodium bicarbonate
Sodium Carbonates (INS 500),sodium hydrogen carbonate
Sodium Carbonates (INS 500),yeast raising agent sodium bicarbonate
Sodium Carboxymethyl Cellulose (INS 466),batter emulsifier carboxymethyl cellulose ins 466
Sodium Carboxymethyl Cellulose (INS 466),stabilizer ins 466
Sodium Carboxymethyl Cellulose (INS 466),stabilizer ins 466 sodium carboxymethyl cellulose
Sodium Carboxymethyl Cellulose (INS 466),thickener ins 466
Sodium Carboxymethyl Cellulose (INS 466),topping sauce stabilizer ins 466
Sodium Citrates (INS 331),acidity regulator ins 331
Sodium Citrates (INS 331),acidity regulator ins 331(111)
Sodium Citrates (INS 331),acidity regulator ins 331(ii)
Sodium Citrates (INS 331),acidity regulator ins e331
Sodium Citrates (INS 331),caramel sauce sodium citrate
Sodium Citrates (INS 331),minerals sodium citrate
Sodium Citrates (INS 331),sodium citrate
Sodium Lactate (INS 325),acidity regulator ins 325
Sodium Molybdate,sodium molybdate
Sodium Phosphates (INS 339),acidity regulator ins 339
Sodium Phosphates (INS 339),emulsifier ins 339iii
Sodium Phosphates (INS 339),stabilizer ins 339
Sodium Phosphates (INS 339),stabilizer ins 339(ii)
Sodium Phosphates (INS 339),stabilizing agent ins 339
Sodium Polyphosphate (INS 452),emulsifier ins 452
Sodium Polyphosphate (INS 452),emulsifier ins 452(i)
Sodium Polyphosphate (INS 452),emulsifier ins 4521
Sodium Polyphosphate (INS 452),emulsifier sodium polyphosphate
Sodium Polyphosphate (INS 452),sequestrant ins 452
Sodium Polyphosphate (INS 452),sodium polyphosphate
Sodium Polyphosphate (INS 452),stabilizer ins 452
Sodium Polyphosphate (INS 452),stabilizer ins 452 (i)
Sodium Selenate,sodium selenate
Sodium Selenite,sodium selenite
Sodium Stearoyl Lactylate,emulsifier sodium stearoyl lactylate
Sorbic Acid (INS 200),preservative ins 200
Sorbitol (INS 420),emulsifier ins 420
Sorbitol (INS 420),humectant ins 420(ii)
Sorbitol (INS 420),sorbitol ins 420 (i)
Sorbitol (INS 420),sorbitol syrup
Soy,defatted soy
Soy,defatted soya
Soy,defatted soya flour
Soy,soy
Soy,soy flakes
Soy,soy nuts
Soy,soya
Soy,soya bean oil
Soy,soya flour
Soy,soya protein
Soy,soyabean
Soy,soyabean oil
Soy,soyabeans
Soy,soybeans
Soy,soynuts
Soy,vegetable protein soy
Soy Protein Isolate,hydrolyzed vegetable protein soy protein isolate
Soy Protein Isolate,protein blend of texturised soy protein flakes
Soy Protein Isolate,soy protein isolate
Soy Protein Isolate,soya protein isolate
Soy Sauce Powder,soy sauce powder
Soy Sauce Powder,soy sauce powder salt
Soy Sauce Powder,soy sauce powder soybean
Soy Sauce Powder,soy sauce powder wheat
Soy Sauce Powder,soya sauce
Soy Sauce Powder,soya sauce powder color ins 150c
Soy Sauce Powder,soya sauce powder lodized salt
Soy Sauce Powder,soya sauce powder maltodextrin
Soy Sauce Powder,soya sauce powder soya sauce
Soybean Oil,caramel sauce soybean oil
Soybean Oil,refined soya oil
Soybean Oil,refined soyabean oil
Soybean Oil,vegetable oil soybean
Soybean Oil,vegetable oil soybean oil
Spice Extract,curry spice extract blend
Spice Extract,schezwan chutney seasoning
Spice Extract,spice extract
Spice Extract,spice extract blend
Spice Extract,spice extracts
Spice Extract,spices and condiments spice extract
Spice Extract,spices and condiments spices extract
Spice Extract,spices and condiments spices extracts
Spice Extract,mixed spices spice extract blend
Spices and condiments,spices and condiments
Spices and condiments,spices
Spices and condiments,mixed spices
Spices and condiments,honey bbq seasoning spices
Spices and condiments,mixed masala powder
Spices and condiments,mixed masala powder mixed spices
Spices and condiments,masala
Spices and condiments,whole spices
Spices and condiments,mix spices
Spices and condiments,spice
Spices and condiments,seasoning spices and condiments
Spices and condiments,spices and condiments spice mix
Spices and condiments,mixed spice
Spinach,spinach
Spinach,dehydrated spinach
Spinach,spinach puree
Spinach,spinach powder
Spinach,spinach paste
stabilizers,stabilizers
stabilizers,stabiliser
stabilizers,stabilizer
Star Anise,anistar
Star Anise,mixed spices star anise
Star Anise,mixed spices star anise powder
Star Anise,mixed spices staranise
Star Anise,spices star anise
Star Anise,spices and condiments star anise powder
Star Anise,star anise
Star Anise,star anise powder
Star Anise,star anise seeds
Starch Sodium Octenyl Succinate (INS 1450),emulsifier ins 1450
Stearic Acid,stearic acid
Stevia,stevia
Stevia,steviol glycoside
Stevia,steviol glycoside reb-a
Stevia,sweetener ins 960
Stevia,sweetener ins 960a
Stevia,sweetener ins e960
Stinging Nettle,stinging nettle
Strawberry,dehydrated strawberry juice
Strawberry,preserved strawberry fruit
Strawberry,strawberry
Strawberry,strawberry flavouring
Strawberry,strawberry fruit
Strawberry,strawberry fruit powder
Strawberry,strawberry juice from concentrate
Strawberry,strawberry powder
Strawberry,strawberry pulp
Strawberry,strawberry puree
Strawberry,fruit powder blend strawberry
Sucralose (INS 955),sucralose
Sucralose (INS 955),sweetener ins 955
Sucrose Acetate Isobutyrate,sucrose acetate isobutyrate
Sucrose Acetate Isobutyrate,stabilizer ins 444
Sugar,added sugar
Sugar,added sugars
Sugar,biscuit invert sugar
Sugar,brown sugar
Sugar,cadbury dairy milk sugar
Sugar,candy sugar syrup
Sugar,cane sugar
Sugar,caramel sauce sugar
Sugar,carrot cereal mix pieces sugar
Sugar,chocolate sugar
Sugar,dextrose
Sugar,dextrose anhydrous
Sugar,dried brownie and cookie pieces sugar
Sugar,fructose
Sugar,glucose
Sugar,golden syrup
Sugar,honey bbq seasoning sugar
Sugar,inner layer ice cream refined sugar
Sugar,invert sugar
Sugar,invert sugar syrup
Sugar,invert syrup
Sugar,khatti meethi chutney sugar
Sugar,milk based mix sugar
Sugar,milkotin sugar
Sugar,mixed masala powder refined sugar
Sugar,powdered sugar
Sugar,refined sugar
Sugar,refined sugars
Sugar,rice crispies sugar
Sugar,salt with spices and condiments sugar
Sugar,seasoning sugar
Sugar,sucrose
Sugar,sugar
Sugar,sugar powder
Sugar,sugar syrup
Sugar,tikka masala seasoning brown sugar
Sugar,tikka masala seasoning sugar
Sugar,tonic sugar base
Sugar,topping sauce sugar
Sugar,total sugars
Sugar,water sugar
Sugar,wheat cocoa crispy balls sugar
Sugar,white chocolate sugar
Sugar,chocolate substitute sugar
Sugar,honey bbq seasoning dextrose
Sugar,honey bbq seasoning fructose
Sugar,seasoning dextrose
Sugar,tikka masala seasoning dextrose
Sugar,honey bbq seasoning brown sugar
Sugar,chocolate syrup sugar
Sulphites,asafoetida powder sulphites
Sulphites,bleaching agent ins 223
Sulphites,sulphite
Sulphites,sulphites
Sunflower Oil,edible vegetable oil palm and sunflower oil
Sunflower Oil,edible vegetable oil sunflower
Sunflower Oil,high oleic sunflower oil
Sunflower Oil,honey bbq seasoning sunflower oil
Sunflower Oil,refined sunflower oil
Sunflower Oil,refined sunflower seed oil
Sunflower Oil,refined vegetable oil sunflower
Sunflower Oil,refined vegetable oil sunflower onions
Sunflower Oil,sunflower oil
Sunflower Oil,tikka masala seasoning sunflower oil
Sunflower Oil,vegetable oil sunflower
Sunflower Oil,vegetable oil sunflower oil
Sunflower Seeds,seeds sunflower
Sunflower Seeds,sunflower seeds
Supari,supar
Supari,supari betel nut
Sweetener,sweetener
Sweetener,sweeteners
Tamarind (Imli),chincha imli tamarindus indica
Tamarind (Imli),fruits tamarind pulp
Tamarind (Imli),tamarind
Tamarind (Imli),tamarind powder
Tamarind (Imli),spices and condiments tamarind powder
Tangy Tomato,tangy tomato
Tapioca,tapioca
Tapioca,tapioca starch
Tara Gum (INS 417),stabilizer ins 417
Tara Gum (INS 417),stabilizer tara gum
Tartaric Acid (INS 334),acidity regulator ins 334
Tartaric Acid (INS 334),tartanic acid
Tartaric Acid (INS 334),tartaric
Tartaric Acid (INS 334),tartaric acid
Taurine,milk solids taurine
Taurine,taurine
Tea,chai tea powder
Tea,instant tea
Tea,tea
Tea,tea leaves
Tenderizer,tenderizer
Tepary Bean Flour,tapary beans flour
Tepary Bean Flour,tepary beans flour
Tertiary Butylhydroquinone (TBHQ / INS 319),antioxidant ins 319
Tertiary Butylhydroquinone (TBHQ / INS 319),antioxidant tbhq
Tertiary Butylhydroquinone (TBHQ / INS 319),antioxidant tbhq ins 319
Tertiary Butylhydroquinone (TBHQ / INS 319),antioxidant tertiary butylhydroquinone
Tertiary Butylhydroquinone (TBHQ / INS 319),tertiary butylhydroquinone
Texturizer (INS 451),texturizer ins 451(i)
Texturizer (INS 451),stabilizer ins 451
Thandai Flavouring,thandai flavouring
Thiamine (Vitamin B1),thiamin
Thiamine (Vitamin B1),thiamin hydrohloride
Thiamine (Vitamin B1),thiamine mononitrate
Thiamine (Vitamin B1),vitamins vitamin b1
Thiamine (Vitamin B1),vitamins vitamin b₁
Thickener,thickener
Thickener,batter thickener ins 1412
Thickener,batter thickener ins 464
Thickener (INS 1401),thickener ins 1401
Thickener (INS 1440),thickener ins 1440
Thickener (INS 446),thickener ins 446
Thyme,spices thyme
Tocopherols (Vitamin E / INS 307b),antioxidant ins 307b
Tocopherols (Vitamin E / INS 307b),vitamin e
Tocopherols (Vitamin E / INS 307b),vitamins vitamin e
Tomato,dehydrated vegetables tomato
Tomato,dried vegetables french tomato
Tomato,dried vegetables tomato
Tomato,ground spices and condiments dehydrated vegetable powder tomato
Tomato,honey bbq seasoning tomato powder
Tomato,salt with spices and condiments tomato powder
Tomato,seasoning tomato powder
Tomato,tangy tomato
Tomato,tikka masala seasoning tomato powder
Tomato,tomato
Tomato,tomato paste
Tomato,tomato powder
Tomato,tomato powder tomato paste
Tomato,tomatoes
Tomato,vegetables tomato paste
Toppings,toppings
Triphala Powder,triphala powder
Tropical Flavouring,tropical flavouring
Tropical Flavouring,tropical juice powder mango
Tropical Flavouring,tropical juice powder orange
Tropical Flavouring,tropical juice powder pineapple
Turmeric (Haldi),bread crumb spices and condiments turmeric
Turmeric (Haldi),color ins 100
Turmeric (Haldi),color ins 100(i)
Turmeric (Haldi),color turmeric extract
Turmeric (Haldi),curcumin ins 100
Turmeric (Haldi),ground spices and condiments tumeric
Turmeric (Haldi),ground spices and condiments turmeric
Turmeric (Haldi),haldi turmeric powder
Turmeric (Haldi),mixed spices roasted spice powder turmeric
Turmeric (Haldi),mixed spices turmeric
Turmeric (Haldi),mixed spices turmeric powder
Turmeric (Haldi),spices tumeric
Turmeric (Haldi),spices turmeric
Turmeric (Haldi),spices turmeric powder
Turmeric (Haldi),spices and condiments tumeric
Turmeric (Haldi),spices and condiments turmeric
Turmeric (Haldi),spices and condiments turmeric powder
Turmeric (Haldi),tikka masala seasoning spices turmeric
Turmeric (Haldi),tikka masala seasoning turmeric
Turmeric (Haldi),tikka masala seasoning turmeric extracts
Turmeric (Haldi),turmeric
Turmeric (Haldi),turmeric mace
Turmeric (Haldi),turmeric powder
Turmeric (Haldi),turmeric whole
Urad Dal,split black lentil
Urad Dal,urad dal
Vanilla,bean vanilla powder
Vanilla,chocolate substitute vanilla flavouring
Vanilla,dried brownie and cookie pieces vanilla flavouring
Vanilla,ethyl vanillin flavouring
Vanilla,ethylvanillin flavouring
Vanilla,vanilla cocoa flavouring
Vanilla,vanilla extract
Vanilla,vanilla extract flavouring
Vanilla,vanilla flavouring
Vanilla,vanilla lemon flavouring
Vanilla,vanillin flavouring
Vegetable,vegetable
Vegetable Juice,vegetable juice
Vegetable Mix,vegetable mix carrot
Vegetable Mix,vegetable mix green peas
Vegetable Protein,vegetable protein
Vinegar,distilled vinegar
Vinegar,vinegar
Vitamin A,antioxidant vitamin a
Vitamin A,vitamin a
Vitamin A,vitamin a acetate
Vitamin A,vitamin a palmitate
Vitamin A,vitamin a retinyl palmitate
Vitamin A,vitamins a
Vitamin A,vitamins vitamin a
Vitamin B Complex,vitamin b complex
Vitamin B12,vitamin b12
Vitamin B12,vitamins vitamin b12
Vitamin B6,vitamin b6
Vitamin B6,vitamins vitamin b6
Vitamin D,antioxidant vitamin d
Vitamin D,vit. d2
Vitamin D,vitamin d
Vitamin D,vitamin d ergocalciferol
Vitamin D,vitamin d2
Vitamin D,vitamin d2 ergocalciferol
Vitamin D,vitamin d3
Vitamin D,vitamins d
Vitamin D,vitamins vitamin d
Vitamin K,vitamins vitamin k2
Vitamins,vitamins
Wafer,wafer
Wafer,wafer biscuit
Water,caramel sauce water
Water,distilled water
Water,filtered water
Water,ro-purified water
Water,treated water
Water,uv treated and ozonized
Water,vapor distilled water
Water,water
Watermelon,watermelon
Watermelon Seeds,seeds watermelon
Watermelon Seeds,toasted watermelon seeds
Watermelon Seeds,watermelon seeds
Wheat,cereal extract wheat
Wheat,soy sauce powder wheat
Wheat,wheat
Wheat,wheat cream
Wheat,wheat crispies
Wheat,wheat flake
Wheat,wheat flakes
Wheat Gluten,instant noodle powder wheat gluten
Wheat Gluten,wheat gluten
Whey,whey
Whey,whey powder
Whey,whey solids milk
Whey,dried whey milk
White Pepper,spices white pepper
White Pepper,spices and condiments white pepper
White Pepper,white pepper
White Pepper,white pepper powder
Whole Grains,whole grains
Whole Wheat Flour (Atta),noodles: wheat flour atta
Whole Wheat Flour (Atta),wheat flour atta
Whole Wheat Flour (Atta),whole wheat flour
Whole Wheat Flour (Atta),wrap whole wheat flour
Whole Wheat Flour (Atta),wrap: whole wheat flour
Xanthan Gum (INS 415),emulsifier ins 415
Xanthan Gum (INS 415),emulsifying agent ins 415
Xanthan Gum (INS 415),stabilizer ins 415
Xanthan Gum (INS 415),stabilizing agent ins 415
Xanthan Gum (INS 415),thickener ins 415
Xanthan Gum (INS 415),thickener xanthan gum
Xanthan Gum (INS 415),xantham gum
Xanthan Gum (INS 415),xanthan gum
Yeast,bread crumb yeast
Yeast,breadcrumbs yeast
Yeast,dried yeast
Yeast,honey bbq seasoning torula yeast
Yeast,honey bbq seasoning yeast extract
Yeast,seasoning yeast extract
Yeast,tikka masala seasoning yeast extract
Yeast,torula yeast
Yeast,yeast
Yeast,yeast extract
Yeast,yeast extract powder
Yeast,bread crumbs yeast
Zinc,zinc
Zinc,zinc gluconate
Zinc,zinc oxide
Zinc,zinc sulphate
Zinc,mineral zinc sulphate
Zinc,minerals zinc sulphate
